Région;Ouvrage;Nom de l'ouvrage;Puissance max de l'ouvrage;Poste 1;Pourcentage 1;Poste 2;Pourcentage 2;Poste 3;Pourcentage 3;Specificité;Occurrence;Durée;Pérennité;geom;centroid
CENTRE-VAL DE LOIRE;AUNEAL41MALAG;LIAISON 90kV N0 1 AUNEAU-MALAGUAY;80.0;AUNEA;-68.0;VOVES;-44.0;B.PAI;-44.0;;Moyenne : entre 25 et 75 fois par an;]6h-10h];FAIBLE;;
CENTRE-VAL DE LOIRE;CHAN5L41ZSEMB;LIAISON 90kV N0 1 CHANCEAUX-COUESMES-SEMBLANCAY;50.0;SEMBL;-78.0;COUE5;-49.0;V.BOU;-41.0;Contrainte en journée;Moyenne : entre 25 et 75 fois par an;]4h-6h];MOYENNE;;
GRAND EST;FRONC;FRONCLES;45.0;FRONC;-34.0;GONCO;-32.0;VESAI;-32.0;;Faible : entre 5 et 25 fois par an;]2h-4h];MOYENNE;;
GRAND EST;SARREL31ZHEMI;LIAISON 63kV N0 1 HEMING-RECHICOURT-LE-CHATEAU-SARREBOURG;23.0;R.CH5;-58.0;CIREY;-30.0;BIBER;-15.0;Contrainte en journée;Très faible : jusqu'à 5 fois par an;]2h-4h];ELEVEE;;
HAUTS-DE-FRANCE;GAUC5L31ROISE;LIAISON 63kV N0 1 GAUCHY-ROISEL;35.0;ROISE;-59.0;HAM;-21.0;GAUC5;11.0;;Faible : entre 5 et 25 fois par an;]2h-4h];ELEVEE;;
NOUVELLE-AQUITAINE;EXCIDL31THIVI;LIAISON 63kV N0 1 EXCIDEUIL-THIVIERS;7.0;THIVI;47.0;EXCID;-37.0;NONTR;23.0;Contrainte en journée;Faible : entre 5 et 25 fois par an;]2h-4h];MOYENNE;;
OCCITANIE;AGUESL31MILLA;LIAISON 63kV N0 1 AGUESSAC-MILLAU;48.0;MILLA;-45.0;AGUES;41.0;SEVER;41.0;Contrainte en journée;Faible : entre 5 et 25 fois par an;]2h-4h];FAIBLE;;
OCCITANIE;LOUPIL31PEZEN;LIAISON 63kV N0 1 LOUPIAN-PEZENAS;8.0;LOUPI;31.0;PEZEN;-29.0;BALAR;19.0;Contrainte en journée;Très faible : jusqu'à 5 fois par an;]0h-2h];ELEVEE;;
PAYS DE LA LOIRE;J.LOIL41ZTREL;LIAISON 90kV N0 1 JUIGNE-SUR-LOIRE - ROSERAIE (LA) - TRELAZE;10.0;J.LOI;-77.0;DISTR;-19.0;D.FON;-18.0;Contrainte en journée;Très faible : jusqu'à 5 fois par an;]2h-4h];ELEVEE;;
AUVERGNE-RHÔNE-ALPES;AOSTEL61BISSY;LIAISON 225kV N0 1 AOSTE-BISSY;39.0;AOSTE;-46.0;BRENS;-45.0;BELLE;-38.0;Contrainte en journée;Très faible : jusqu'à 5 fois par an;]0h-2h];ELEVEE;;
AUVERGNE-RHÔNE-ALPES;MTLUCL31ZDURR;LIAISON 63kV N0 1 DURE (LA) - MONTLUCON - VALLON;2.0;VALL7;-46.0;DURRE;-32.0;SSVI7;-31.0;Contrainte en journée;Très faible : jusqu'à 5 fois par an;]0h-2h];MOYENNE;;
GRAND EST;EUROPL41M.SEI;LIAISON 90kV N0 1 EUROPORT-MERY-SUR-SEINE;59.0;EUROP;-46.0;F.CHA;-27.0;AULNA;-24.0;;Faible : entre 5 et 25 fois par an;]2h-4h];ELEVEE;;
GRAND EST;SUIPPL31VOUZI;LIAISON 63kV N0 1 SUIPPES-VOUZIERS;23.0;VOUZI;-37.0;SUIPP;19.0;SEUIL;-15.0;;Faible : entre 5 et 25 fois par an;]2h-4h];ELEVEE;;
HAUTS-DE-FRANCE;CARRIL61GOUVI;LIAISON 225kV N0 1 CARRIERES-GOUVIEUX;43.0;GOUVI;58.0;CARRI;-21.0;U.MON;-13.0;;Faible : entre 5 et 25 fois par an;]2h-4h];ELEVEE;;
NOUVELLE-AQUITAINE;CONF6L41SSJUN;LIAISON 90kV N0 1 CONFOLENS-ST-JUNIEN;50.0;CONF6;-62.0;CONF7;-39.0;MESN5;-22.0;;Moyenne : entre 25 et 75 fois par an;]4h-6h];ELEVEE;;
NOUVELLE-AQUITAINE;BRUCHL31NERAC;LIAISON 63kV N0 1 BRUCH-NERAC;34.0;NERAC;-74.0;MEZIN;-60.0;MTREA;-46.0;Contrainte en journée;Forte : entre 75 et 150 fois par an;]2h-4h];MOYENNE;;
NOUVELLE-AQUITAINE;LONGCL41NAUCL;LIAISON 90kV N0 1 LONGCHAMP (RUFFEC)-NAUCLAIR;30.0;NAUCL;-71.0;S.MOU;-71.0;MANSL;-60.0;Contrainte en journée;Très faible : jusqu'à 5 fois par an;]4h-6h];ELEVEE;;
NOUVELLE-AQUITAINE;CANTEL31R.LAN;LIAISON 63kV N0 1 CANTEGRIT-RION DES LANDES;25.0;R.LAN;-70.0;COUGN;-30.0;DAX;-17.0;Contrainte en journée;Moyenne : entre 25 et 75 fois par an;]2h-4h];ELEVEE;;
NOUVELLE-AQUITAINE;SSMAIL41ZJAZE;LIAISON 90kV N0 1 LUSIGNAN - ST-MAIXENT - JAZENEUIL;21.0;SSMAI;41.0;M.HER;40.0;JAZEN;-21.0;;Très faible : jusqu'à 5 fois par an;]0h-2h];ELEVEE;;
NOUVELLE-AQUITAINE;FARRAL41ZCH10;LIAISON 90kV N0 1 ARCHINGEAY - FARRADIERE (LA) - SAINTES;3.0;ARCHI;-61.0;FARRA;15.0;ROCH8;15.0;Contrainte en journée;Très faible : jusqu'à 5 fois par an;]0h-2h];ELEVEE;;
OCCITANIE;MENDEL31MONAS;LIAISON 63kV N0 1 MENDE-MONASTIER (LE);14.0;MONAS;-39.0;TARNO;37.0;MENDE;37.0;;Faible : entre 5 et 25 fois par an;]2h-4h];MOYENNE;;
PAYS DE LA LOIRE;ALENCL41ZTOUA;LIAISON 90kV N0 1 ALENCON - FRESNAY - VILLAINES-LA-JUHEL;124.0;FRESN;-59.0;V.JUH;-30.0;ALENC;22.0;;Très forte : plus de 150 fois par an;]4h-6h];FAIBLE;;
PAYS DE LA LOIRE;ECOMML41LUDE;LIAISON 90kV N0 1 ECOMMOY-LUDE (LE);9.0;LUDE;-53.0;ALLAR;-41.0;C.LO5;-26.0;Contrainte en journée;Très faible : jusqu'à 5 fois par an;]0h-2h];ELEVEE;;
BOURGOGNE-FRANCHE-COMTÉ;PUSY L61ZRIGO;LIAISON 225kV N0 1 PUSY - RIGOTTE (LA) - ROLAMPONT;63.0;MALVI;-30.0;RIGOT;-29.0;ROLAM;-21.0;;Faible : entre 5 et 25 fois par an;]2h-4h];ELEVEE;;
BOURGOGNE-FRANCHE-COMTÉ;CPVERL31SSELO;LIAISON 63kV N0 1 CHAMPVERT-ST-ELOI;40.0;CPVER;-39.0;SSHON;-28.0;PANNE;-13.0;Contrainte en journée;Moyenne : entre 25 et 75 fois par an;]2h-4h];ELEVEE;;
CENTRE-VAL DE LOIRE;BUIS L41ZTROU;LIAISON 90kV N0 1 BUIS (LES) - MARMAGNE - MAZIERES;75.0;BUIS;-39.0;VENES;-38.0;BIGNY;-37.0;Contrainte en journée;Très faible : jusqu'à 5 fois par an;]2h-4h];MOYENNE;;
CENTRE-VAL DE LOIRE;GARCHL31NERON;LIAISON 63kV N0 1 GARCHIZY-NERONDES;39.0;NERON;-100.0;;;;;Contrainte en journée;Très forte : plus de 150 fois par an;]4h-6h];FAIBLE;;
GRAND EST;DAMER;DAMERY;54.0;DAMER;-73.0;CUBRY;-65.0;VERTU;-46.0;;Moyenne : entre 25 et 75 fois par an;]2h-4h];ELEVEE;;
GRAND EST;MALADL31ROSIE;LIAISON 63kV N0 1 MALADIERE (LA)-ROSIERES;22.0;MALAD;-40.0;ROSIE;35.0;A.OTH;34.0;;Faible : entre 5 et 25 fois par an;]2h-4h];ELEVEE;;
HAUTS-DE-FRANCE;MORCHL61ZTRAN;LIAISON 225kV N0 1 MORCHIES - PERTAIN - TRANSLOY (LE);103.0;D.GAR;59.0;D.BRU;59.0;MORCH;59.0;;Moyenne : entre 25 et 75 fois par an;]2h-4h];ELEVEE;;
NOUVELLE-AQUITAINE;I.JOUL41LAITI;LIAISON 90kV N0 1 ISLE-JOURDAIN (MILLAC) - LAITIER (LE);90.0;CHARR;-83.0;JOUSS;-61.0;I.JOU;-61.0;;Moyenne : entre 25 et 75 fois par an;]2h-4h];FAIBLE;;
NOUVELLE-AQUITAINE;HOUCHL41POITI;LIAISON 90kV N0 1 HOUCHARDE(LA)-POITIERS;70.0;HOUCH;-75.0;SSBEN;-75.0;PAPAU;-62.0;;Forte : entre 75 et 150 fois par an;]4h-6h];MOYENNE;;
NOUVELLE-AQUITAINE;RUFF8;RUFFECOIS;65.0;RUFF8;-46.0;LONGC;-46.0;MAGDE;-39.0;;Faible : entre 5 et 25 fois par an;]2h-4h];FAIBLE;;
NOUVELLE-AQUITAINE;JUNIAL41PEYR7;LIAISON 90kV N0 1 JUNIAT - PEYRILHAC;48.0;PEYR7;-64.0;JUNIA;19.0;SSJUN;-18.0;;Faible : entre 5 et 25 fois par an;]2h-4h];ELEVEE;;
NOUVELLE-AQUITAINE;JONZAL41MTGUY;LIAISON 90kV N0 1 JONZAC-MONTGUYON;43.0;JONZA;53.0;PONS;31.0;CHARB;31.0;;Moyenne : entre 25 et 75 fois par an;]2h-4h];ELEVEE;;
OCCITANIE;GIMONL31I.JO5;LIAISON 63kV N0 1 GIMONT-ISLE-JOURDAIN;2.0;NOILH;-44.0;GIMON;-43.0;I.JO5;30.0;Contrainte en journée;Très faible : jusqu'à 5 fois par an;]0h-2h];FAIBLE;;
OCCITANIE;LAURAL31ZMTCL;LIAISON 63kV N0 1 LAURAS - MILLAU - TOURNEMIRE;1.0;TOUR7;-99.0;MTPAO;-99.0;FONDA;-99.0;Contrainte en journée;Très faible : jusqu'à 5 fois par an;]0h-2h];FAIBLE;;
CENTRE-VAL DE LOIRE;SSMCEL41ZGRAI;LIAISON 90kV N0 1 CHATEAUROUX - ST-MARCEL - LOTHIERS;88.0;SSMCE;-51.0;J.BOI;-39.0;LOTHI;33.0;Contrainte en journée;Forte : entre 75 et 150 fois par an;]2h-4h];ELEVEE;;
CENTRE-VAL DE LOIRE;CXNAYL41GELLA;LIAISON 90kV N0 1 CHAUNAY-GELLAINVILLE;6.0;GELLA;-64.0;MALAG;-54.0;AUNEA;-38.0;;Très faible : jusqu'à 5 fois par an;]2h-4h];ELEVEE;;
CENTRE-VAL DE LOIRE;EGUZOL42SSMCE;LIAISON 90kV N0 2 EGUZON - ST-MARCEL;63.0;SSMCE;36.0;EGUZO;-18.0;AIGUR;-17.0;Contrainte en journée;Moyenne : entre 25 et 75 fois par an;]2h-4h];ELEVEE;;
HAUTS-DE-FRANCE;GAVREL41MOFFL;LIAISON 90kV N0 1 GAVRELLE-MOFFLAINES;40.0;MOFFL;-22.0;ACHI5;-14.0;ACHIE;-14.0;;Faible : entre 5 et 25 fois par an;]2h-4h];ELEVEE;;
HAUTS-DE-FRANCE;BLOCA;BLOCAUX;24.0;FOUIL;-25.0;BLOCA;-25.0;AUMAL;-25.0;;Moyenne : entre 25 et 75 fois par an;]2h-4h];ELEVEE;;
NOUVELLE-AQUITAINE;LEGUGL31MARSI;LIAISON 63kV N0 1 LEGUGNON-MARSILLON;27.0;LEGUG;-51.0;BARAG;-36.0;ASASP;-35.0;Contrainte en journée;Faible : entre 5 et 25 fois par an;]4h-6h];ELEVEE;;
NOUVELLE-AQUITAINE;PEYR7L41SSJUN;LIAISON 90kV N0 1 PEYRILHAC - ST-JUNIEN;12.0;PEYR7;37.0;JUNIA;19.0;SSJUN;-19.0;Contrainte en journée;Très faible : jusqu'à 5 fois par an;]0h-2h];ELEVEE;;
NORMANDIE;VAUPAL41ZHARC;LIAISON 90kV N0 1 GONNEVILLE - VAUPALIERE (LA) - HARCANVILLE (ENEDIS);30.0;HARCA;-69.0;GONNE;-42.0;BUQUE;-33.0;;Moyenne : entre 25 et 75 fois par an;]2h-4h];ELEVEE;;
OCCITANIE;MAUBOL31ZLAGU;LIAISON 63kV N0 1 LOUSLITGES-LAGUIAN-MAUBOURGUET;9.0;LAGUI;-48.0;MAUBO;42.0;LOUSL;-40.0;Contrainte en journée;Moyenne : entre 25 et 75 fois par an;]2h-4h];MOYENNE;;
AUVERGNE-RHÔNE-ALPES;MASSIL31SAVIG;LIAISON 63kV N0 1 MASSIAC-SAVIGNAC;22.0;MASSI;-59.0;PEYRU;-36.0;NEUSS;-12.0;Contrainte en journée;Faible : entre 5 et 25 fois par an;]2h-4h];ELEVEE;;
CENTRE-VAL DE LOIRE;MOUS5L41ZLACS;LIAISON 90kV N0 1 LANDE (LA) - MOUSSEAUX - VILLEMENT;26.0;LAND6;-62.0;SSAOU;-27.0;VLEME;-27.0;Contrainte en journée;Très faible : jusqu'à 5 fois par an;]2h-4h];FAIBLE;;
GRAND EST;BASS6L31CXMO5;LIAISON 63kV N0 1 BASSIGNY-CHAUMONT;39.0;BASS6;-31.0;CXMO5;23.0;M.ROI;-23.0;;Faible : entre 5 et 25 fois par an;]2h-4h];ELEVEE;;
HAUTS-DE-FRANCE;ACHIEL41MOFFL;LIAISON 90kV N0 1 ACHIET-MOFFLAINES;76.0;ACHI5;-55.0;ACHIE;-55.0;ALBE5;-26.0;;Forte : entre 75 et 150 fois par an;]2h-4h];ELEVEE;;
NOUVELLE-AQUITAINE;HOSTEL31SAUCA;LIAISON 63kV N0 1 HOSTENS-SAUCATS;13.0;HOSTE;-74.0;BELIE;-32.0;SAUCA;-13.0;Contrainte en journée;Moyenne : entre 25 et 75 fois par an;]2h-4h];ELEVEE;;
NORMANDIE;BARETL41FECAM;LIAISON 90kV N0 1 BARETTES-FECAMP;12.0;BARET;-49.0;BUQUE;-22.0;FECAM;22.0;;Faible : entre 5 et 25 fois par an;]2h-4h];ELEVEE;;
BOURGOGNE-FRANCHE-COMTÉ;GRAY L31ZFONT;LIAISON 63kV N0 1 GRAY - MARCILLY - VINGEANNE;9.0;JALAN;-42.0;VINGE;-42.0;GRAY;29.0;Contrainte en journée;Très faible : jusqu'à 5 fois par an;]0h-2h];MOYENNE;;
GRAND EST;FRONCL31JOINV;LIAISON 63kV N0 1 FRONCLES-JOINVILLE;39.0;JOINV;-68.0;BAYAR;-37.0;BROUS;-30.0;;Moyenne : entre 25 et 75 fois par an;]2h-4h];MOYENNE;;
GRAND EST;COMPEL32CXSSE;LIAISON 63kV N0 2 CHAUSSEE (LA)-COMPERTRIX;31.0;COMPE;-37.0;OIRY;-17.0;CXSSE;5.0;;Faible : entre 5 et 25 fois par an;]2h-4h];ELEVEE;;
GRAND EST;B.DUCL31SAUDR;LIAISON 63kV N0 1 BAR-LE-DUC-SAUDRUPT;5.0;B.DUC;-39.0;SAUDR;29.0;CHAN6;12.0;;Très faible : jusqu'à 5 fois par an;]2h-4h];ELEVEE;;
NOUVELLE-AQUITAINE;BODUTL41LONGC;LIAISON 90kV N0 1 BODUT-LONGCHAMP (RUFFEC);73.0;BODUT;-64.0;CIVRA;-44.0;SSSAV;-44.0;;Moyenne : entre 25 et 75 fois par an;]2h-4h];FAIBLE;;
NOUVELLE-AQUITAINE;CPNACL41SSJUN;LIAISON 90kV N0 1 CHAMPAGNAC-ST-JUNIEN;52.0;CPNAC;59.0;SSVI6;33.0;SSJUN;-19.0;;Moyenne : entre 25 et 75 fois par an;]2h-4h];ELEVEE;;
OCCITANIE;AGUESL31SSVIC;LIAISON 63kV N0 1 AGUESSAC-ST-VICTOR;74.0;AGUES;-60.0;SEVER;-60.0;MILLA;-46.0;Contrainte en journée;Moyenne : entre 25 et 75 fois par an;]4h-6h];FAIBLE;;
OCCITANIE;CARBOL31MURET;LIAISON 63kV N0 1 CARBONNE-MURET;31.0;CARBO;-43.0;SSJU5;-38.0;PALAM;-34.0;Contrainte en journée;Moyenne : entre 25 et 75 fois par an;]2h-4h];ELEVEE;;
OCCITANIE;BAOUSL31MAZAM;LIAISON 63kV N0 1 BAOUS-MAZAMET;10.0;BAOUS;-79.0;VINTR;-75.0;LACAB;-62.0;;Très faible : jusqu'à 5 fois par an;]2h-4h];ELEVEE;;
BOURGOGNE-FRANCHE-COMTÉ;SEREIL61ZTONN;LIAISON 225kV N0 1 JOUX-LA-VILLE - SEREIN - TONNERRE;318.0;J.VIL;-44.0;VIGNE;-44.0;AVALL;-35.0;Contrainte en journée;Forte : entre 75 et 150 fois par an;]4h-6h];MOYENNE;;
BOURGOGNE-FRANCHE-COMTÉ;AVALLL61J.VIL;LIAISON 225kV N0 1 AVALLON - JOUX-LA-VILLE;81.0;AVALL;61.0;B.CUR;61.0;C.VE5;59.0;Contrainte en journée;Faible : entre 5 et 25 fois par an;]2h-4h];ELEVEE;;
BOURGOGNE-FRANCHE-COMTÉ;GY   L31ZGENE;LIAISON 63kV N0 1 GENEUILLE-GY-PALENTE;9.0;GY;-38.0;GRAY;-30.0;JALAN;-18.0;;Très faible : jusqu'à 5 fois par an;]4h-6h];MOYENNE;;
CENTRE-VAL DE LOIRE;CORM5L41ROUS6;LIAISON 90kV N0 1 CORMELAI-ROUSSINES;86.0;ROUS6;-66.0;CORM5;31.0;FERRA;-29.0;Contrainte en journée;Très forte : plus de 150 fois par an;]4h-6h];FAIBLE;;
CENTRE-VAL DE LOIRE;TIVER;TIVERNON;72.0;TIVER;32.0;TOURY;32.0;ARMON;32.0;;Moyenne : entre 25 et 75 fois par an;]6h-10h];ELEVEE;;
CENTRE-VAL DE LOIRE;EGUZOL42SSMCE;LIAISON 90kV N0 2 EGUZON - ST-MARCEL;46.0;SSMCE;35.0;LOTHI;24.0;EGUZO;-18.0;Contrainte en journée;Moyenne : entre 25 et 75 fois par an;]2h-4h];ELEVEE;;
CENTRE-VAL DE LOIRE;BXNE6L41VLEMA;LIAISON 90kV N0 1 BEAUNE-VILLEMANDEUR;42.0;BXNE6;-46.0;SERMA;-43.0;PITHI;-43.0;;Moyenne : entre 25 et 75 fois par an;]2h-4h];ELEVEE;;
CENTRE-VAL DE LOIRE;REBO5L41VARE5;LIAISON 90kV N0 1 REBOURSIN-VARENNES (-SUR-FOUZON);28.0;REBO5;-100.0;;;;;;Moyenne : entre 25 et 75 fois par an;]2h-4h];ELEVEE;;
GRAND EST;F.CHAL41SEZAN;LIAISON 90kV N0 1 FERE-CHAMPENOISE-SEZANNE;16.0;F.CHA;-42.0;AULNA;-38.0;SEZAN;38.0;;Très faible : jusqu'à 5 fois par an;]2h-4h];ELEVEE;;
NOUVELLE-AQUITAINE;COUR L41LAITI;LIAISON 90kV N0 1 COUR (LA) - LAITIER (LE);92.0;COUR;-69.0;SSSAV;-53.0;CIVRA;-52.0;;Moyenne : entre 25 et 75 fois par an;]2h-4h];FAIBLE;;
NOUVELLE-AQUITAINE;BELLAL41MAURE;LIAISON 90kV N0 1 BELLAC-MAUREIX (LE);86.0;BELLA;-63.0;I.JOU;-34.0;CHARD;-34.0;;Forte : entre 75 et 150 fois par an;]6h-10h];MOYENNE;;
NOUVELLE-AQUITAINE;JONZAL41PONS;LIAISON 90kV N0 1 JONZAC-PONS;21.0;JONZA;50.0;PONS;-29.0;CHARB;-29.0;;Très faible : jusqu'à 5 fois par an;]2h-4h];ELEVEE;;
NOUVELLE-AQUITAINE;BONN6L41CXMON;LIAISON 90kV N0 1 BONNEAU - CHAUMONT (CHASSENEUIL-DU-POITOU);17.0;CXMON;75.0;CXVIG;53.0;J.CLA;51.0;;Très faible : jusqu'à 5 fois par an;]2h-4h];MOYENNE;;
OCCITANIE;GODIN;GODIN;44.0;GODIN;-40.0;FIGEA;-40.0;ASSIE;-39.0;;Faible : entre 5 et 25 fois par an;]2h-4h];ELEVEE;;
OCCITANIE;ZARCOL31ZSSAP;LIAISON 63kV N0 1 ARCOMIE - MARGERIDE - PIQUAGE A ARCOMIE - ST-CHELY-D'APCHER (SOC.METAL.DE ST-CHELY) - ST-FLOUR;8.0;SSFL8;92.0;;;;;Contrainte en journée;Très faible : jusqu'à 5 fois par an;]0h-2h];ELEVEE;;
PAYS DE LA LOIRE;LAVALL41ZASTI;LIAISON 90kV N0 1 ASTILLE-CRAON-LAVAL;47.0;ASTIL;-80.0;CRAON;-58.0;POUAN;-31.0;;Moyenne : entre 25 et 75 fois par an;]4h-6h];FAIBLE;;
AUVERGNE-RHÔNE-ALPES;MORESL31MTALI;LIAISON 63kV N0 1 MONTALIEU-MORESTEL;1.0;MORES;-45.0;B.COR;-24.0;MTALI;23.0;Contrainte en journée;Très faible : jusqu'à 5 fois par an;]2h-4h];ELEVEE;;
GRAND EST;CHAPOL61T.DOM;LIAISON 225kV N0 1 CHAPON - TROIS DOMAINES;86.0;T.DOM;63.0;CHAPO;-35.0;VANDI;20.0;;Très faible : jusqu'à 5 fois par an;]2h-4h];ELEVEE;;
GRAND EST;M.SEI;MERY-SUR-SEINE;68.0;V.MOY;-31.0;CHAT9;-31.0;ROMIL;-24.0;;Moyenne : entre 25 et 75 fois par an;]4h-6h];ELEVEE;;
GRAND EST;DAMERL41ZCUBR;LIAISON 90kV N0 1 CUBRY (LE) - DAMERY - VERTUS;22.0;CUBRY;-66.0;VERTU;-47.0;AULNA;-35.0;;Très faible : jusqu'à 5 fois par an;]2h-4h];ELEVEE;;
GRAND EST;SAUL5;SAULNOIS;19.0;SAUL5;-78.0;AMELE;-73.0;DIEUZ;-45.0;;Moyenne : entre 25 et 75 fois par an;]2h-4h];ELEVEE;;
GRAND EST;BRIENL31CRENE;LIAISON 63kV N0 1 BRIENNE-CRENEY;14.0;BRIEN;-62.0;SSDIZ;-8.0;CHAN6;-6.0;;Faible : entre 5 et 25 fois par an;]2h-4h];ELEVEE;;
GRAND EST;DAMERL32ORMES;LIAISON 63kV N0 2 DAMERY-ORMES;14.0;EPERN;-18.0;DAMER;-18.0;MARDE;-18.0;;Très faible : jusqu'à 5 fois par an;]2h-4h];ELEVEE;;
GRAND EST;CRENEL31ZSSVA;LIAISON 63kV N0 1 CRENEY-POLISOT-ST-PARRES-LES-VAUDES;8.0;SSVAU;-73.0;POLIS;-59.0;C.SEI;-18.0;Contrainte en journée;Très faible : jusqu'à 5 fois par an;]0h-2h];ELEVEE;;
NOUVELLE-AQUITAINE;MELLEL41ZGOIS;LIAISON 90kV N0 1 GOISE-MELLE-ST-FLORENT;52.0;MELLE;-58.0;MAGDE;-26.0;LONGC;-13.0;;Faible : entre 5 et 25 fois par an;]2h-4h];MOYENNE;;
NOUVELLE-AQUITAINE;M.MARL32NAOUT;LIAISON 63kV N0 2 MONT-DE-MARSAN-NAOUTOT;19.0;M.MAR;-61.0;RQFOR;-47.0;IRANG;-45.0;;Forte : entre 75 et 150 fois par an;]2h-4h];ELEVEE;;
NOUVELLE-AQUITAINE;MONCOL41V.SEV;LIAISON 90kV N0 1 MONCOUTANT - VAL-DE-SEVRE;16.0;MONCO;65.0;CERIZ;42.0;MAULE;24.0;Contrainte en journée;Très faible : jusqu'à 5 fois par an;]0h-2h];ELEVEE;;
OCCITANIE;ISSEL;ISSEL;98.0;ISSEL;-44.0;VALGR;-44.0;BAGAT;-42.0;Contrainte en journée;Moyenne : entre 25 et 75 fois par an;]2h-4h];MOYENNE;;
AUVERGNE-RHÔNE-ALPES;BAYETL31SEMIN;LIAISON 63kV N0 1 BAYET-SEMINAIRE;25.0;SEMIN;-15.0;YZEUR;-15.0;CRESS;-15.0;Contrainte en journée;Faible : entre 5 et 25 fois par an;]0h-2h];MOYENNE;;
BOURGOGNE-FRANCHE-COMTÉ;CPVERL31SSHON;LIAISON 63kV N0 1 CHAMPVERT-ST-HONORE;17.0;SSHON;64.0;PANNE;30.0;CORB9;12.0;Contrainte en journée;Moyenne : entre 25 et 75 fois par an;]2h-4h];ELEVEE;;
CENTRE-VAL DE LOIRE;CTAUDL41MOISY;LIAISON 90kV N0 1 CHATEAUDUN-MOISY;55.0;MOISY;41.0;CTAUD;-38.0;BONN7;-23.0;Contrainte en journée;Forte : entre 75 et 150 fois par an;]4h-6h];ELEVEE;;
CENTRE-VAL DE LOIRE;VARE5L41ZBZPA;LIAISON 90kV N0 1 VARENNES (-SUR-FOUZON)-VALE9 / BLERE VARE5 1;10.0;BLERE;20.0;VARE5;-19.0;VALE9;-18.0;Contrainte en journée;Très faible : jusqu'à 5 fois par an;]0h-2h];ELEVEE;;
GRAND EST;BUIREL31LIART;LIAISON 63kV N0 1 BUIRE-LIART;36.0;LIART;-63.0;P.TER;-20.0;BUIRE;11.0;;Faible : entre 5 et 25 fois par an;]2h-4h];MOYENNE;;
GRAND EST;CHAN6L31HOUDE;LIAISON 63kV N0 1 CHANCENAY-HOUDELAINCOURT;26.0;HOUDE;-100.0;;;;;;Moyenne : entre 25 et 75 fois par an;]0h-2h];ELEVEE;;
HAUTS-DE-FRANCE;SORRUL41TRING;LIAISON 90kV N0 1 SORRUS-TRINGUE;42.0;TRING;64.0;SAMER;28.0;DESVR;22.0;;Faible : entre 5 et 25 fois par an;]2h-4h];ELEVEE;;
NOUVELLE-AQUITAINE;CHABAL41PLAUD;LIAISON 90kV N0 1 CHABANAIS-PLAUD;53.0;CHABA;-67.0;LOUBE;-54.0;ROCH7;-29.0;;Moyenne : entre 25 et 75 fois par an;]0h-2h];MOYENNE;;
NOUVELLE-AQUITAINE;BAZASL31ZCAZ5;LIAISON 63kV N0 1 BAZAS-LUXEY-CAZALIS;9.0;CAZAL;-100.0;LUXEY;-94.0;;;Contrainte en journée;Moyenne : entre 25 et 75 fois par an;]2h-4h];ELEVEE;;
PROVENCE-ALPES-CÔTE D'AZUR;SISTEL31SSAUB;LIAISON 63kV N0 1 SISTERON-ST-AUBAN;31.0;SISTE;-25.0;LAZER;-23.0;TRESC;-21.0;Contrainte en journée;Très faible : jusqu'à 5 fois par an;]0h-2h];FAIBLE;;
BOURGOGNE-FRANCHE-COMTÉ;J.VILL61ZTONN;LIAISON 225kV N0 1 JOUX-LA-VILLE - SEREIN - TONNERRE;290.0;J.VIL;-76.0;VIGNE;-76.0;AVALL;-61.0;Contrainte en journée;Très forte : plus de 150 fois par an;]4h-6h];MOYENNE;;
BOURGOGNE-FRANCHE-COMTÉ;SSMO6L31ZPARI;LIAISON 63kV N0 1 PARIZE-ST-ELOI-ST-PIERRE-LE-MOUTIER;5.0;SSMO6;-100.0;;;;;Contrainte en journée;Faible : entre 5 et 25 fois par an;]2h-4h];ELEVEE;;
CENTRE-VAL DE LOIRE;CTAU5L41ZGRAI;LIAISON 90kV N0 1 CHATEAUROUX - ST-MARCEL - LOTHIERS;116.0;LOTHI;-68.0;SSMCE;-50.0;J.BOI;-38.0;Contrainte en journée;Forte : entre 75 et 150 fois par an;]4h-6h];ELEVEE;;
CENTRE-VAL DE LOIRE;VOVESL41ZB.PR;LIAISON 90kV N0 1 DAMBRON - VOVES - BOIS PRINCE (LE);80.0;VOVES;-54.0;B.PAI;-54.0;AUNEA;-33.0;;Moyenne : entre 25 et 75 fois par an;]6h-10h];ELEVEE;;
CENTRE-VAL DE LOIRE;CTAU5L41MOUS5;LIAISON 90kV N0 1 CHATEAUROUX - MOUSSEAUX;3.0;CTAU5;40.0;MADRO;40.0;LOTHI;31.0;Contrainte en journée;Très faible : jusqu'à 5 fois par an;]0h-2h];FAIBLE;;
GRAND EST;VINCEL61ZG.HA;LIAISON 225kV N0 1 MUREMONT - SAINTOIS - VINCEY;106.0;SAIN5;-80.0;MUREM;-54.0;QUEVI;-53.0;;Très faible : jusqu'à 5 fois par an;]0h-2h];ELEVEE;;
GRAND EST;VERTUL41ZCUBR;LIAISON 90kV N0 1 CUBRY (LE) - DAMERY - VERTUS;26.0;VERTU;-49.0;AULNA;-37.0;CUBRY;36.0;;Très faible : jusqu'à 5 fois par an;]2h-4h];ELEVEE;;
HAUTS-DE-FRANCE;GAVREL61MORCH;LIAISON 225kV N0 1 GAVRELLE - MORCHIES;210.0;MORCH;-41.0;D.GAR;-41.0;D.BRU;-41.0;;Forte : entre 75 et 150 fois par an;]2h-4h];ELEVEE;;
HAUTS-DE-FRANCE;MOIMOL61MORU;LIAISON 225kV N0 1 MOIMONT-MORU;85.0;MORU;-26.0;COMPI;-19.0;BETHI;-18.0;;Faible : entre 5 et 25 fois par an;]2h-4h];ELEVEE;;
NOUVELLE-AQUITAINE;SSJOUL41VALDI;LIAISON 90kV N0 1 ST-LAURENT-DE-JOURDE-VALDIVIENNE;13.0;SSJOU;-100.0;;;;;Contrainte en journée;Très faible : jusqu'à 5 fois par an;]2h-4h];ELEVEE;;
NOUVELLE-AQUITAINE;LUSIGL41ZJAZE;LIAISON 90kV N0 1 LUSIGNAN - ST-MAIXENT - JAZENEUIL;8.0;JAZEN;79.0;SSMAI;40.0;LUSIG;-39.0;;Très faible : jusqu'à 5 fois par an;]0h-2h];ELEVEE;;
NOUVELLE-AQUITAINE;MARM5L31ZROJA;LIAISON 63kV N0 1 MARMANDE-TONNEINS-ROJA;7.0;ROJA;-56.0;UNET;-36.0;BETJA;-23.0;Contrainte en journée;Faible : entre 5 et 25 fois par an;]2h-4h];ELEVEE;;
NOUVELLE-AQUITAINE;GUPIEL31SAUVE;LIAISON 63kV N0 1 GUPIE - SAUVETAT (LA);6.0;SAUVE;-59.0;GUPIE;15.0;TUILI;-10.0;Contrainte en journée;Faible : entre 5 et 25 fois par an;]2h-4h];ELEVEE;;
OCCITANIE;BEDARL31ZFAUG;LIAISON 63kV N0 1 BEDARIEUX - ESPONDEILHAN - FAUGERES;1.0;FAUGE;-51.0;BEDAR;35.0;JONCE;35.0;Contrainte en journée;Très faible : jusqu'à 5 fois par an;]0h-2h];ELEVEE;;
OCCITANIE;O.CHA;ONET-LE-CHATEAU;1.0;O.CHA;-35.0;BERTH;-35.0;PRAD5;-34.0;Contrainte en journée;Très faible : jusqu'à 5 fois par an;]0h-2h];ELEVEE;;
AUVERGNE-RHÔNE-ALPES;PUY  L31TAULH;LIAISON 63kV N0 1 PUY (LE)-TAULHAC;9.0;TAULH;-70.0;LAUSS;-69.0;PRATC;-24.0;Contrainte en journée;Très faible : jusqu'à 5 fois par an;]0h-2h];FAIBLE;;
BOURGOGNE-FRANCHE-COMTÉ;C.CHIL31SSHON;LIAISON 63kV N0 1 CHATEAU-CHINON-ST-HONORE;16.0;SSHON;-38.0;PANNE;30.0;CORB9;12.0;Contrainte en journée;Moyenne : entre 25 et 75 fois par an;]2h-4h];ELEVEE;;
BOURGOGNE-FRANCHE-COMTÉ;SSBARL31VENAR;LIAISON 63kV N0 1 STE-BARBE - VENAREY;11.0;VENAR;-59.0;SSBAR;15.0;MTBAR;14.0;;Faible : entre 5 et 25 fois par an;]2h-4h];ELEVEE;;
CENTRE-VAL DE LOIRE;DAMBRL42ZCHIC;LIAISON 90kV N0 2 DAMBRON - SARAN - TOURNOISIS;36.0;SARAN;20.0;F.AUB;19.0;BELNE;19.0;;Moyenne : entre 25 et 75 fois par an;]2h-4h];ELEVEE;;
CENTRE-VAL DE LOIRE;MARMAL41ZTROU;LIAISON 90kV N0 1 BUIS (LES) - MARMAGNE - MAZIERES;17.0;BUIS;-21.0;VENES;-20.0;MAZIE;-20.0;Contrainte en journée;Très faible : jusqu'à 5 fois par an;]2h-4h];FAIBLE;;
CENTRE-VAL DE LOIRE;PLEUML41PREUI;LIAISON 90kV N0 1 PLEUMARTIN-PREUILLY;3.0;PREUI;-100.0;;;;;Contrainte en journée;Très faible : jusqu'à 5 fois par an;]2h-4h];ELEVEE;;
GRAND EST;BAZANL31ZN.SU;LIAISON 63kV N0 1 BAZANCOURT  - RETHEL- NEPELLIER;30.0;NEPEL;-36.0;RETHE;-29.0;SEUIL;-18.0;;Moyenne : entre 25 et 75 fois par an;]2h-4h];ELEVEE;;
GRAND EST;MAROLL61REVIG;LIAISON 225kV N0 1 MAROLLES - REVIGNY;16.0;MAROL;54.0;REVIG;-17.0;CHAN6;-17.0;Contrainte en journée;Très faible : jusqu'à 5 fois par an;]0h-2h];MOYENNE;;
GRAND EST;CHAN6L31ZT.BA;LIAISON 63kV N0 1 CHANCENAY - LIGNY-EN-BARROIS - RHOVYL;3.0;RHOVY;-62.0;L.BAR;-47.0;;;;Très faible : jusqu'à 5 fois par an;]0h-2h];ELEVEE;;
GRAND EST;BOULAL31BOUZO;LIAISON 63kV N0 1 BOULAY-BOUZONVILLE;1.0;BOUZO;47.0;BOULA;-36.0;DALST;34.0;;Très faible : jusqu'à 5 fois par an;]0h-2h];ELEVEE;;
HAUTS-DE-FRANCE;FREVEL41ZHESD;LIAISON 90kV N0 1 FREVENT - HESDIN - SORRUS;23.0;FREVE;-52.0;DOULL;-31.0;HESDI;20.0;;Très faible : jusqu'à 5 fois par an;]2h-4h];ELEVEE;;
HAUTS-DE-FRANCE;H.SANL31PERTA;LIAISON 63kV N0 1 HANGEST-EN-SANTERRE - PERTAIN;16.0;H.SAN;-75.0;HARGI;-67.0;;;;Faible : entre 5 et 25 fois par an;]2h-4h];ELEVEE;;
NOUVELLE-AQUITAINE;DISTRL41LOUDU;LIAISON 90kV N0 1 DISTRE-LOUDUN;111.0;LOUDU;-57.0;DISTR;43.0;SAUMU;43.0;;Très forte : plus de 150 fois par an;]4h-6h];MOYENNE;;
NOUVELLE-AQUITAINE;PLAUD;PLAUD;69.0;PLAUD;-45.0;GORR6;-36.0;SSJUN;-36.0;Contrainte en journée;Faible : entre 5 et 25 fois par an;]2h-4h];ELEVEE;;
NOUVELLE-AQUITAINE;LAITIL41ROM;LIAISON 90kV N0 1 LAITIER (LE) - ROM;62.0;ROM;51.0;LAITI;-49.0;C.SSH;-49.0;;Très faible : jusqu'à 5 fois par an;]2h-4h];FAIBLE;;
NOUVELLE-AQUITAINE;AURENL41SSVI6;LIAISON 90kV N0 1 AURENCE (L )-ST-MARTIN-LE-VIEUX;47.0;SSVI6;-66.0;CPNAC;-40.0;AUREN;19.0;Contrainte en journée;Faible : entre 5 et 25 fois par an;]2h-4h];ELEVEE;;
NOUVELLE-AQUITAINE;FLEACL41ROCH7;LIAISON 90kV N0 1 FLEAC-ROCHEFOUCAULD (LA);43.0;ROCH7;-37.0;LOUBE;-24.0;CHABA;-18.0;;Faible : entre 5 et 25 fois par an;]2h-4h];MOYENNE;;
NOUVELLE-AQUITAINE;BERTRL31SANIL;LIAISON 63kV N0 1 BERTRIC-SANILHAC;7.0;BERTR;-66.0;PIOVI;-43.0;NONTR;-24.0;Contrainte en journée;Faible : entre 5 et 25 fois par an;]0h-2h];ELEVEE;;
OCCITANIE;BERATL31P.SIM;LIAISON 63kV N0 1 BERAT-PORTET-ST-SIMON;7.0;BERAT;-43.0;CARBO;-20.0;SSJU5;-18.0;Contrainte en journée;Très faible : jusqu'à 5 fois par an;]0h-2h];ELEVEE;;
PROVENCE-ALPES-CÔTE D'AZUR;LAZERL31TRESC;LIAISON 63kV N0 1 LAZER-TRESCLEOUX;11.0;TRESC;-58.0;VENTA;-23.0;VEYNE;-21.0;Contrainte en journée;Faible : entre 5 et 25 fois par an;]2h-4h];FAIBLE;;
BOURGOGNE-FRANCHE-COMTÉ;AVALLL61VNOL;LIAISON 225kV N0 1 AVALLON-VIGNOL;207.0;VNOL;44.0;CORB9;41.0;CLAME;40.0;Contrainte en journée;Forte : entre 75 et 150 fois par an;]2h-4h];ELEVEE;;
BOURGOGNE-FRANCHE-COMTÉ;VIELM;VIELMOULIN;58.0;VIELM;-39.0;B.ROC;-39.0;KIR;-39.0;;Moyenne : entre 25 et 75 fois par an;]2h-4h];ELEVEE;;
BOURGOGNE-FRANCHE-COMTÉ;CORB9L31ZPANN;LIAISON 63kV N0 1 CHATEAU-CHINON-CORBIGNY-PANNESIERE;17.0;PANNE;-71.0;SSHON;-37.0;CORB9;11.0;Contrainte en journée;Moyenne : entre 25 et 75 fois par an;]2h-4h];ELEVEE;;
BRETAGNE;KERBOL31ZRUNI;LIAISON 63kV N0 1 CREDIN - KERBOQUET - RABINE (LA);17.0;CREDI;-53.0;RABIN;-31.0;JOSSE;-27.0;Contrainte en journée;Très faible : jusqu'à 5 fois par an;]2h-4h];ELEVEE;;
GRAND EST;COMPEL31OIRY;LIAISON 63kV N0 1 COMPERTRIX-OIRY;72.0;OIRY;34.0;COMPE;-25.0;CXSSE;-9.0;;Moyenne : entre 25 et 75 fois par an;]2h-4h];FAIBLE;;
GRAND EST;OIRY L31ZEPE5;LIAISON 63kV N0 1 DAMERY-EPERNAY-OIRY;46.0;OIRY;-70.0;COMPE;-22.0;CXSSE;-8.0;;Faible : entre 5 et 25 fois par an;]2h-4h];ELEVEE;;
GRAND EST;COMPEL31CXSSE;LIAISON 63kV N0 1 CHAUSSEE (LA)-COMPERTRIX;42.0;COMPE;-38.0;OIRY;-17.0;CXSSE;5.0;;Moyenne : entre 25 et 75 fois par an;]2h-4h];ELEVEE;;
GRAND EST;P.TERL31ZV.SE;LIAISON 63kV N0 1 LIART - MOHON - POIX-TERRON;3.0;LIART;-34.0;P.TER;19.0;BUIRE;-10.0;;Très faible : jusqu'à 5 fois par an;]0h-2h];MOYENNE;;
HAUTS-DE-FRANCE;COMPIL61LATEN;LIAISON 225kV N0 1 COMPIEGNE-LATENA;145.0;COMPI;47.0;MORU;26.0;CAPEY;21.0;;Faible : entre 5 et 25 fois par an;]2h-4h];ELEVEE;;
HAUTS-DE-FRANCE;PERIZ;PERIZET (LE);17.0;PERIZ;-30.0;CAUDR;-22.0;CAMBR;-19.0;;Faible : entre 5 et 25 fois par an;]2h-4h];ELEVEE;;
HAUTS-DE-FRANCE;BXTO5L31HAM;LIAISON 63kV N0 1 BEAUTOR(POSTE)-HAM;11.0;HAM;42.0;ROISE;21.0;BXTO5;-10.0;Contrainte en journée;Faible : entre 5 et 25 fois par an;]2h-4h];ELEVEE;;
NOUVELLE-AQUITAINE;HOUCHL41PAPAU;LIAISON 90kV N0 1 HOUCHARDE(LA)-PAPAULT;71.0;P.MIT;-65.0;MEZEA;-64.0;PAPAU;-64.0;;Forte : entre 75 et 150 fois par an;]4h-6h];MOYENNE;;
NOUVELLE-AQUITAINE;CISSAL31MARGA;LIAISON 63kV N0 1 CISSAC-MARGAUX;67.0;CISSA;-36.0;PAUIL;13.0;SSVIV;13.0;Contrainte en journée;Forte : entre 75 et 150 fois par an;]4h-6h];ELEVEE;;
NOUVELLE-AQUITAINE;DAX  L31ZCOUG;LIAISON 63kV N0 1 COUGNALA - DAX - RION-DES-LANDES;28.0;COUGN;-30.0;R.LAN;-29.0;DAX;17.0;Contrainte en journée;Moyenne : entre 25 et 75 fois par an;]2h-4h];ELEVEE;;
NOUVELLE-AQUITAINE;RQFORL31ZIRAN;LIAISON 63kV N0 1 GAREIN - IRANGER (L) - ROQUEFORT;14.0;IRANG;-67.0;RQFOR;29.0;GAREI;-20.0;Contrainte en journée;Moyenne : entre 25 et 75 fois par an;]2h-4h];ELEVEE;;
OCCITANIE;BARBOL31PERQU;RES. LIAISON 63kV N0 1 BARBOTAN-PERQUIE;21.0;BARBO;-100.0;;;;;Contrainte en journée;Moyenne : entre 25 et 75 fois par an;]2h-4h];ELEVEE;;
OCCITANIE;BARAQL31O.CHA;LIAISON 63kV N0 1 BARAQUEVILLE-ONET-LE-CHATEAU;19.0;BARAQ;-61.0;PRAD6;-61.0;THURI;-34.0;Contrainte en journée;Faible : entre 5 et 25 fois par an;]2h-4h];ELEVEE;;
OCCITANIE;BALARL31LOUPI;LIAISON 63kV N0 1 BALARUC - LOUPIAN;13.0;LOUPI;-70.0;PEZEN;-28.0;BALAR;19.0;Contrainte en journée;Très faible : jusqu'à 5 fois par an;]0h-2h];ELEVEE;;
OCCITANIE;P.GRAL31ZTHUR;LIAISON 63kV N0 1 BARAQUEVILLE - THURIES - PRE-GRAND;6.0;THURI;-67.0;BARAQ;-41.0;PRAD6;-41.0;;Faible : entre 5 et 25 fois par an;]0h-2h];ELEVEE;;
BOURGOGNE-FRANCHE-COMTÉ;SSELOL61VNOL;LIAISON 225kV N0 1 ST-ELOI-VIGNOL;250.0;VNOL;-55.0;CLAME;-50.0;CORB9;-49.0;Contrainte en journée;Forte : entre 75 et 150 fois par an;]2h-4h];ELEVEE;;
BRETAGNE;BEZONL31JOSSE;LIAISON 63kV N0 1 BEZON-JOSSELIN;4.0;JOSSE;-35.0;LOHAN;-35.0;MERDR;-32.0;Contrainte en journée;Très faible : jusqu'à 5 fois par an;]2h-4h];ELEVEE;;
CENTRE-VAL DE LOIRE;BUZANL41CTAU5;LIAISON 90kV N0 1 BUZANCAIS - CHATEAUROUX;24.0;BUZAN;62.0;CHAT7;42.0;LOCHE;19.0;;Faible : entre 5 et 25 fois par an;]2h-4h];ELEVEE;;
GRAND EST;MUREML61ZG.HA;LIAISON 225kV N0 1 MUREMONT - SAINTOIS - VINCEY;238.0;MUREM;-61.0;EPIZO;-51.0;FRONC;-38.0;;Moyenne : entre 25 et 75 fois par an;]2h-4h];ELEVEE;;
GRAND EST;ROSIEL61ZC.SE;LIAISON 225kV N0 1 CHATILLON-SUR-SEINE - DARCEY - ROSIERES;162.0;LARRE;46.0;DARCE;46.0;C.SEI;46.0;;Faible : entre 5 et 25 fois par an;]2h-4h];ELEVEE;;
GRAND EST;MAUPAL31ZMAUP;LIAISON 63kV N0 1 MAUPAS (A CONTEAULT)-REVIGNY-SUIPPES;28.0;MAUPA;-100.0;;;;;;Forte : entre 75 et 150 fois par an;]2h-4h];FAIBLE;;
NOUVELLE-AQUITAINE;LAITIL41PLAN5;LIAISON 90kV N0 1 LAITIER (LE) - PLANCHE (LA);80.0;PLAN5;63.0;LAITI;-25.0;C.SSH;-25.0;;Forte : entre 75 et 150 fois par an;]4h-6h];MOYENNE;;
NOUVELLE-AQUITAINE;BXLIE;BEAULIEU;76.0;BXLIE;-50.0;MORIN;-40.0;VAUGO;-40.0;;Moyenne : entre 25 et 75 fois par an;]4h-6h];ELEVEE;;
NOUVELLE-AQUITAINE;NONTRL31THIVI;LIAISON 63kV N0 1 NONTRON - THIVIERS;56.0;THIVI;-53.0;EXCID;-37.0;NONTR;23.0;Contrainte en journée;Forte : entre 75 et 150 fois par an;]4h-6h];MOYENNE;;
NOUVELLE-AQUITAINE;ASASPL31MARSI;LIAISON 63kV N0 1 ASASP-MARSILLON;27.0;ASASP;-51.0;ESQUI;-49.0;E.LES;-48.0;Contrainte en journée;Faible : entre 5 et 25 fois par an;]4h-6h];ELEVEE;;
NOUVELLE-AQUITAINE;BOUS5L31DURRE;LIAISON 63kV N0 1 BOUSSAC-DURRE (LA);6.0;BOUS5;-100.0;;;;;Contrainte en journée;Très faible : jusqu'à 5 fois par an;]0h-2h];ELEVEE;;
OCCITANIE;MOISSL31ZV.A5;LIAISON 63kV N0 1 GOLFECH-MOISSAC-VALENCE D AGEN;28.0;GOLFE;-45.0;V.AGE;-44.0;GOLFE;-43.0;Contrainte en journée;Moyenne : entre 25 et 75 fois par an;]4h-6h];ELEVEE;;
OCCITANIE;CAZEDL31FONCL;LIAISON 63kV N0 1 CAZEDARNES-FONCLARE;11.0;FONCL;-62.0;S.VES;-61.0;LACAB;-37.0;Contrainte en journée;Très faible : jusqu'à 5 fois par an;]2h-4h];ELEVEE;;
OCCITANIE;CORD6L31PELIS;LIAISON 63kV N0 1 CORDES-PELISSIER;6.0;CORD6;-100.0;;;;;Contrainte en journée;Moyenne : entre 25 et 75 fois par an;]4h-6h];ELEVEE;;
PROVENCE-ALPES-CÔTE D'AZUR;SSAUBL61ZSAL6;LIAISON 225kV N0 1 SALIGNAC - SISTERON - ST-AUBAN;138.0;SALIG;-67.0;SISTE;-40.0;BLAUX;-39.0;Contrainte en journée;Faible : entre 5 et 25 fois par an;]4h-6h];FAIBLE;;
PAYS DE LA LOIRE;ISSE L41LOUIS;LIAISON 90kV N0 1 ISSE-LOUISFERT;19.0;ISSE;-89.0;N.ERD;-48.0;RIAIL;-45.0;;Très faible : jusqu'à 5 fois par an;]2h-4h];MOYENNE;;
BOURGOGNE-FRANCHE-COMTÉ;DARCE;DARCEY;33.0;DARCE;-51.0;POISE;-49.0;VALDU;-49.0;;Faible : entre 5 et 25 fois par an;]2h-4h];MOYENNE;;
BOURGOGNE-FRANCHE-COMTÉ;C.CHIL31ZPANN;LIAISON 63kV N0 1 CHATEAU-CHINON-CORBIGNY-PANNESIERE;16.0;SSHON;-37.0;PANNE;29.0;CORB9;12.0;Contrainte en journée;Moyenne : entre 25 et 75 fois par an;]2h-4h];ELEVEE;;
BOURGOGNE-FRANCHE-COMTÉ;DARCEL31SEIGN;LIAISON 63kV N0 1 DARCEY - SEIGNY;4.0;MTBAR;-28.0;SSBAR;-23.0;NUITS;-17.0;;Très faible : jusqu'à 5 fois par an;]0h-2h];ELEVEE;;
CENTRE-VAL DE LOIRE;BUIS L41MARMA;LIAISON 90kV N0 1 BUIS (LES)-MARMAGNE;75.0;BUIS;-61.0;VENES;-59.0;BIGNY;-59.0;Contrainte en journée;Faible : entre 5 et 25 fois par an;]2h-4h];MOYENNE;;
CENTRE-VAL DE LOIRE;MARMA;MARMAGNE;64.0;MARMA;28.0;AUBIN;34.0;ALLOU;28.0;Contrainte en journée;Très faible : jusqu'à 5 fois par an;]2h-4h];ELEVEE;;
CENTRE-VAL DE LOIRE;MAZIEL41ZTROU;LIAISON 90kV N0 1 BUIS (LES) - MARMAGNE - MAZIERES;24.0;MAZIE;29.0;NERON;29.0;RIVAG;20.0;Contrainte en journée;Très faible : jusqu'à 5 fois par an;]2h-4h];FAIBLE;;
CENTRE-VAL DE LOIRE;C.RENL41MONNA;LIAISON 90kV N0 1 CHATEAU-RENAULT-MONNAIE;13.0;C.REN;-100.0;PIER6;-100.0;;;Contrainte en journée;Faible : entre 5 et 25 fois par an;]2h-4h];ELEVEE;;
GRAND EST;DUGNYL31VERDU;LIAISON 63kV N0 1 DUGNY-VERDUN;33.0;DUGNY;-48.0;VERDU;-34.0;ETAI5;28.0;;Moyenne : entre 25 et 75 fois par an;]2h-4h];ELEVEE;;
GRAND EST;ROSIE;ROSIERES;23.0;ROSIE;-47.0;A.OTH;-46.0;H.CLO;-44.0;;Faible : entre 5 et 25 fois par an;]2h-4h];ELEVEE;;
GRAND EST;CHAN6L31SAUDR;LIAISON 63kV N0 1 CHANCENAY-SAUDRUPT;15.0;SAUDR;-71.0;B.DUC;-39.0;CHAN6;12.0;;Faible : entre 5 et 25 fois par an;]2h-4h];ELEVEE;;
HAUTS-DE-FRANCE;PERTAL61ROYE;LIAISON 225kV N0 1 PERTAIN-ROYE;307.0;ROYE;36.0;PERTA;-35.0;B.MES;33.0;;Forte : entre 75 et 150 fois par an;]4h-6h];MOYENNE;;
HAUTS-DE-FRANCE;CHOUYL31V.COT;LIAISON 63kV N0 1 CHOUY-VILLERS COTTERET;20.0;V.COT;47.0;CHOUY;-37.0;RUSSY;20.0;;Faible : entre 5 et 25 fois par an;]2h-4h];ELEVEE;;
NOUVELLE-AQUITAINE;CXMONL41CXVIG;LIAISON 90kV N0 1 CHAUMONT (CHASSENEUIL-DU-POITOU)-CHAUVIGNY;45.0;CXVIG;-67.0;ROSNA;-28.0;FERRA;-28.0;Contrainte en journée;Moyenne : entre 25 et 75 fois par an;]2h-4h];MOYENNE;;
NOUVELLE-AQUITAINE;LESPAL31SANIL;LIAISON 63kV N0 1 LESPARAT-SANILHAC;22.0;LESPA;-48.0;MANO7;-46.0;EXCID;-28.0;Contrainte en journée;Moyenne : entre 25 et 75 fois par an;]2h-4h];MOYENNE;;
NOUVELLE-AQUITAINE;FARRAL41THOU;LIAISON 90kV N0 1 FARRADIERE (LA)-THOU (LE);12.0;THOU;-53.0;AYTRE;-27.0;JARNE;-27.0;Contrainte en journée;Très faible : jusqu'à 5 fois par an;]4h-6h];ELEVEE;;
NOUVELLE-AQUITAINE;PODENL31ZEYRA;LIAISON 63kV N0 1 MARTILLAC-PODENSAC-EYRANS;5.0;MRLLA;35.0;PODEN;-29.0;LANGO;-14.0;Contrainte en journée;Faible : entre 5 et 25 fois par an;]2h-4h];ELEVEE;;
OCCITANIE;BEDARL31FOUSC;LIAISON 63kV N0 1 BEDARIEUX - FOUSCAIS;13.0;BEDAR;-35.0;JONCE;-35.0;RQRED;-35.0;Contrainte en journée;Très faible : jusqu'à 5 fois par an;]2h-4h];ELEVEE;;
PROVENCE-ALPES-CÔTE D'AZUR;SSAUBL61ZMEES;LIAISON 225kV N0 1 MEES (LES) - ORAISON - ST-AUBAN;138.0;SSAUB;-55.0;SALIG;-54.0;DIGNE;-53.0;Contrainte en journée;Faible : entre 5 et 25 fois par an;]2h-4h];FAIBLE;;
AUVERGNE-RHÔNE-ALPES;ENVALL31ZSSRO;LIAISON 63kV N0 1 ENVAL-ST-PIERRE-ROCHE-ST-SAUVES;28.0;SSRO5;-77.0;SSSAU;-48.0;VOING;-42.0;;Moyenne : entre 25 et 75 fois par an;]2h-4h];MOYENNE;;
AUVERGNE-RHÔNE-ALPES;BZNILL31P.ROY;LIAISON 63kV N0 1 BOURNILLON-PONT-EN-ROYANS;25.0;BZNIL;46.0;P.ROY;-44.0;BZNE;38.0;;Faible : entre 5 et 25 fois par an;]2h-4h];ELEVEE;;
AUVERGNE-RHÔNE-ALPES;SSFL8L31ZARCO;LIAISON 63kV N0 1 ARCOMIE - MARGERIDE - PIQUAGE A ARCOMIE - ST-CHELY-D'APCHER (SOC.METAL.DE ST-CHELY) - ST-FLOUR;10.0;SSFL8;-100.0;;;;;Contrainte en journée;Très faible : jusqu'à 5 fois par an;]0h-2h];ELEVEE;;
BOURGOGNE-FRANCHE-COMTÉ;VENARL31VIELM;LIAISON 63kV N0 1 VENAREY-VIELMOULIN;6.0;VENAR;-41.0;SSBAR;-15.0;MTBAR;-14.0;;Très faible : jusqu'à 5 fois par an;]2h-4h];ELEVEE;;
CENTRE-VAL DE LOIRE;FERRAL41ROUS6;LIAISON 90kV N0 1 FERRANDE (LA)-ROUSSINES;68.0;ROUS6;-36.0;CORM5;-34.0;FERRA;32.0;;Forte : entre 75 et 150 fois par an;]2h-4h];FAIBLE;;
CENTRE-VAL DE LOIRE;DEOLSL42MOUS5;LIAISON 90kV N0 2 DEOLS-MOUSSEAUX;46.0;DEOLS;-83.0;SSAOU;-26.0;VLEME;-26.0;Contrainte en journée;Faible : entre 5 et 25 fois par an;]2h-4h];FAIBLE;;
CENTRE-VAL DE LOIRE;CHAN5L41MONNA;LIAISON 90kV N0 1 CHANCEAUX-MONNAIE;3.0;MONNA;-100.0;C.REN;-99.0;PIER6;-99.0;Contrainte en journée;Très faible : jusqu'à 5 fois par an;]0h-2h];ELEVEE;;
GRAND EST;CXSSEL61REVIG;LIAISON 225kV N0 1 CHAUSSEE (LA)-REVIGNY;278.0;CXSSE;-49.0;POTEA;-49.0;CHEPP;-37.0;;Moyenne : entre 25 et 75 fois par an;]6h-10h];MOYENNE;;
GRAND EST;RECY L61ZCUPE;LIAISON 225kV N0 1 CUPERLY - RECY - VESLE;195.0;RECY;-61.0;CXSSE;-41.0;POTEA;-41.0;;Très faible : jusqu'à 5 fois par an;]2h-4h];MOYENNE;;
GRAND EST;CHAPOL61REVIG;LIAISON 225kV N0 1 CHAPON - REVIGNY;18.0;CHAPO;66.0;T.DOM;64.0;VANDI;20.0;Contrainte en journée;Très faible : jusqu'à 5 fois par an;]0h-2h];MOYENNE;;
GRAND EST;MOHONL31P.TER;LIAISON 63kV N0 1 MOHON-POIX TERRON;18.0;P.TER;-81.0;LIART;-34.0;BUIRE;-10.0;;Faible : entre 5 et 25 fois par an;]2h-4h];MOYENNE;;
NOUVELLE-AQUITAINE;FLEACL41PALAN;LIAISON 90kV N0 1 FLEAC-PALANT (LE);36.0;PALAN;-54.0;AIGRE;-52.0;MANSL;-37.0;;Très faible : jusqu'à 5 fois par an;]2h-4h];ELEVEE;;
NORMANDIE;GONNEL41ZHARC;LIAISON 90kV N0 1 GONNEVILLE - VAUPALIERE (LA) - HARCANVILLE (ENEDIS);18.0;GONNE;-43.0;BUQUE;-34.0;HARCA;32.0;;Faible : entre 5 et 25 fois par an;]2h-4h];ELEVEE;;
NORMANDIE;ARGE8L41VASTO;LIAISON 90kV N0 1 ARGENTAN-VASTON;17.0;ARGE8;47.0;VASTO;-31.0;GACE;24.0;;Faible : entre 5 et 25 fois par an;]2h-4h];ELEVEE;;
OCCITANIE;LODEVL31RUFFE;LIAISON 63kV N0 1 LODEVE-RUFFE;20.0;RUFFE;-50.0;BEDAR;-30.0;JONCE;-30.0;Contrainte en journée;Faible : entre 5 et 25 fois par an;]2h-4h];ELEVEE;;
OCCITANIE;CSLSAL31ZCSLS;LIAISON 63kV N0 1 CASTELSARRASIN-CASTELSARRASIN (CEGEDUR PECHINEY)-MOISSAC;10.0;GOLFE;-44.0;V.AGE;-43.0;GOLFE;-42.0;Contrainte en journée;Très faible : jusqu'à 5 fois par an;]2h-4h];ELEVEE;;
PAYS DE LA LOIRE;V.JUHL41ZTOUA;LIAISON 90kV N0 1 ALENCON - FRESNAY - VILLAINES-LA-JUHEL;122.0;FRESN;44.0;V.JUH;-32.0;ALENC;24.0;;Très forte : plus de 150 fois par an;]4h-6h];FAIBLE;;
PAYS DE LA LOIRE;ARNAGL41ECOMM;LIAISON 90kV N0 1 ARNAGE-ECOMMOY;6.0;ECOMM;-78.0;LUDE;-52.0;ALLAR;-40.0;Contrainte en journée;Très faible : jusqu'à 5 fois par an;]2h-4h];ELEVEE;;
AUVERGNE-RHÔNE-ALPES;BZNE L31BZNIL;LIAISON 63kV N0 1 BOURNE (LA)-BOURNILLON;12.0;BZNIL;-54.0;P.ROY;-43.0;BZNE;38.0;;Très faible : jusqu'à 5 fois par an;]2h-4h];ELEVEE;;
BOURGOGNE-FRANCHE-COMTÉ;CPVERL32SSELO;LIAISON 63kV N0 2 CHAMPVERT-ST-ELOI;36.0;CPVER;-50.0;SSHON;-36.0;PANNE;-17.0;Contrainte en journée;Moyenne : entre 25 et 75 fois par an;]2h-4h];ELEVEE;;
BOURGOGNE-FRANCHE-COMTÉ;GUEUGL31SORNA;LIAISON 63kV N0 1 GUEUGNON-SORNAT;19.0;SORNA;-48.0;GUEUG;-20.0;;;Contrainte en journée;Très faible : jusqu'à 5 fois par an;]2h-4h];ELEVEE;;
BOURGOGNE-FRANCHE-COMTÉ;C.REGL31MARC6;LIAISON 63kV N0 1 CHAMPS-REGNAUD-MARCILLY;10.0;MARC6;-44.0;JALAN;-28.0;VINGE;-28.0;Contrainte en journée;Très faible : jusqu'à 5 fois par an;]0h-2h];MOYENNE;;
BOURGOGNE-FRANCHE-COMTÉ;VNOL;VIGNOL;4.0;VNOL;-36.0;CLAME;-35.0;CORB9;-35.0;Contrainte en journée;Très faible : jusqu'à 5 fois par an;]0h-2h];ELEVEE;;
GRAND EST;VESLEL61ZCUPE;LIAISON 225kV N0 1 CUPERLY - RECY - VESLE;182.0;RECY;-60.0;CXSSE;-40.0;CXSSE;-40.0;;Très faible : jusqu'à 5 fois par an;]2h-4h];ELEVEE;;
GRAND EST;BOUZOL31DALST;LIAISON 63kV N0 1 BOUZONVILLE-DALSTEIN;28.0;BOUZO;-54.0;BOULA;-36.0;DALST;34.0;;Moyenne : entre 25 et 75 fois par an;]2h-4h];ELEVEE;;
HAUTS-DE-FRANCE;AIRAIL41ARGOE;LIAISON 90kV N0 1 AIRAINES-ARGOEUVES;30.0;AIRAI;-60.0;CROI5;-31.0;FOUIL;-8.0;;Moyenne : entre 25 et 75 fois par an;]2h-4h];ELEVEE;;
HAUTS-DE-FRANCE;ALLEUL42ZFOUI;LIAISON 90kV N0 2 ALLEUX (GRANDVILLIERS) - BLOCAUX - FOUILLOY;15.0;ALLEU;-50.0;;;;;;Faible : entre 5 et 25 fois par an;]0h-2h];ELEVEE;;
NOUVELLE-AQUITAINE;CPNACL41SSVI6;LIAISON 90kV N0 1 CHAMPAGNAC-ST-MARTIN-LE-VIEUX;56.0;CPNAC;-43.0;SSVI6;32.0;SSJUN;-18.0;Contrainte en journée;Moyenne : entre 25 et 75 fois par an;]2h-4h];ELEVEE;;
NOUVELLE-AQUITAINE;PONS L41PREGU;LIAISON 90kV N0 1 PONS-PREGUILLAC;43.0;PONS;73.0;CHARB;72.0;JONZA;48.0;;Moyenne : entre 25 et 75 fois par an;]2h-4h];ELEVEE;;
NOUVELLE-AQUITAINE;CANTEL31MIMIZ;LIAISON 63kV N0 1 CANTEGRIT - MIMIZAN;5.0;MIMI5;-59.0;MIMIZ;-59.0;CANTE;50.0;Contrainte en journée;Faible : entre 5 et 25 fois par an;]0h-2h];ELEVEE;;
OCCITANIE;SSVIC;ST-VICTOR;37.0;SSVIC;-47.0;MILLA;-47.0;SEVER;-47.0;Contrainte en journée;Très faible : jusqu'à 5 fois par an;]2h-4h];FAIBLE;;
OCCITANIE;ESPO5L31SSVIN;LIAISON 63kV N0 1 ESPONDEILHAN-ST-VINCENT;27.0;ESPO5;50.0;FAUGE;31.0;PEZEN;23.0;;Moyenne : entre 25 et 75 fois par an;]2h-4h];ELEVEE;;
PROVENCE-ALPES-CÔTE D'AZUR;ORAISL61SSTUL;LIAISON 225kV N0 1 ORAISON-STE-TULLE;68.0;ORAIS;-37.0;MEES;-29.0;SISTE;-23.0;Contrainte en journée;Faible : entre 5 et 25 fois par an;]2h-4h];FAIBLE;;
BOURGOGNE-FRANCHE-COMTÉ;DARCEL61VIELM;LIAISON 225kV N0 1 DARCEY - VIELMOULIN;314.0;DARCE;-69.0;LARRE;-45.0;C.SEI;-45.0;;Forte : entre 75 et 150 fois par an;]6h-10h];MOYENNE;;
BOURGOGNE-FRANCHE-COMTÉ;J.VILL61VIGNE;LIAISON 225kV N0 1 JOUX-LA-VILLE - VIGNE (LA);9.0;VIGNE;-100.0;;;;;Contrainte en journée;Très faible : jusqu'à 5 fois par an;]0h-2h];MOYENNE;;
BRETAGNE;KERBOL31PTIVY;LIAISON 63kV N0 1 KERBOQUET-PONTIVY;14.0;PTIVY;46.0;KERBO;-42.0;CREDI;-29.0;Contrainte en journée;Faible : entre 5 et 25 fois par an;]2h-4h];ELEVEE;;
CENTRE-VAL DE LOIRE;DAMBR;DAMBRON;5.0;DAMBR;23.0;ARTEN;22.0;TOUR9;22.0;Contrainte en journée;Très faible : jusqu'à 5 fois par an;]0h-2h];ELEVEE;;
GRAND EST;CRENEL61MAROL;LIAISON 225kV N0 1 CRENEY - MAROLLES;268.0;MAROL;-39.0;REVIG;-17.0;CHAN6;-16.0;;Moyenne : entre 25 et 75 fois par an;]2h-4h];MOYENNE;;
GRAND EST;CXMO5L31ROLAM;LIAISON 63kV N0 1 CHAUMONT-ROLAMPONT;20.0;CXMO5;25.0;BOLOG;16.0;ROLAM;-11.0;;Très faible : jusqu'à 5 fois par an;]0h-2h];ELEVEE;;
GRAND EST;POLISL31ZSSVA;LIAISON 63kV N0 1 CRENEY-POLISOT-ST-PARRES-LES-VAUDES;10.0;POLIS;-53.0;SSVAU;28.0;C.SEI;-19.0;Contrainte en journée;Très faible : jusqu'à 5 fois par an;]0h-2h];ELEVEE;;
NOUVELLE-AQUITAINE;PAPAUL41PLAN5;LIAISON 90kV N0 1 PAPAULT-PLANCHE (LA);80.0;PLAN5;-43.0;P.MIT;38.0;MEZEA;38.0;;Forte : entre 75 et 150 fois par an;]4h-6h];MOYENNE;;
NOUVELLE-AQUITAINE;NAOUTL31PERQU;RES. LIAISON 63kV N0 1 NAOUTOT-PERQUIE;34.0;PERQU;-100.0;BARBO;-94.0;;;Contrainte en journée;Forte : entre 75 et 150 fois par an;]4h-6h];ELEVEE;;
NOUVELLE-AQUITAINE;TEMPLL31UNET;LIAISON 63kV N0 1 TEMPLE (LE)-UNET;26.0;UNET;-39.0;TEMPL;34.0;ROJA;-29.0;Contrainte en journée;Moyenne : entre 25 et 75 fois par an;]2h-4h];ELEVEE;;
NOUVELLE-AQUITAINE;BRUGEL31MARGA;LIAISON 63kV N0 1 BRUGES-MARGAUX;8.0;MARGA;-31.0;P.MED;-6.0;CISSA;-5.0;Contrainte en journée;Faible : entre 5 et 25 fois par an;]2h-4h];ELEVEE;;
OCCITANIE;MOISSL31ZCSLS;LIAISON 63kV N0 1 CASTELSARRASIN-CASTELSARRASIN (CEGEDUR PECHINEY)-MOISSAC;14.0;GOLFE;-44.0;V.AGE;-43.0;GOLFE;-42.0;Contrainte en journée;Faible : entre 5 et 25 fois par an;]2h-4h];ELEVEE;;
PROVENCE-ALPES-CÔTE D'AZUR;SISTEL61ZSAL6;LIAISON 225kV N0 1 SALIGNAC - SISTERON - ST-AUBAN;128.0;SISTE;-41.0;BLAUX;-39.0;CURBA;-39.0;Contrainte en journée;Faible : entre 5 et 25 fois par an;]2h-4h];FAIBLE;;
PROVENCE-ALPES-CÔTE D'AZUR;BOUTRL61ORAIS;LIAISON 225kV N0 1 BOUTRE-ORAISON;42.0;ORAIS;-37.0;MEES;-32.0;SISTE;-26.0;Contrainte en journée;Très faible : jusqu'à 5 fois par an;]2h-4h];FAIBLE;;
PAYS DE LA LOIRE;CORBIL41P.MAC;LIAISON 90kV N0 1 CORBIERE (LA)-PLESSIS-MACE;4.0;P.MAC;-81.0;SEGRE;-51.0;FREIG;-48.0;;Très faible : jusqu'à 5 fois par an;]0h-2h];ELEVEE;;
BOURGOGNE-FRANCHE-COMTÉ;COSNEL31SANCE;LIAISON 63kV N0 1 COSNE-SANCERRE;23.0;COSNE;-44.0;PERR7;-31.0;SANCE;27.0;;Faible : entre 5 et 25 fois par an;]2h-4h];ELEVEE;;
GRAND EST;MUREML61ZEPIZ;LIAISON 225kV N0 1 FRONCLES - EPIZON - MUREMONT;83.0;EPIZO;-51.0;MUREM;40.0;FRONC;-39.0;;Très faible : jusqu'à 5 fois par an;]2h-4h];ELEVEE;;
GRAND EST;FRONCL61ZEPIZ;LIAISON 225kV N0 1 FRONCLES - EPIZON - MUREMONT;40.0;EPIZO;49.0;MUREM;40.0;FRONC;-39.0;;Très faible : jusqu'à 5 fois par an;]0h-2h];ELEVEE;;
GRAND EST;BIBERL31SARRE;LIAISON 63kV N0 1 BIBERKIRCH - SARREBOURG;20.0;BIBER;-85.0;CIREY;-36.0;R.CH5;-36.0;Contrainte en journée;Très faible : jusqu'à 5 fois par an;]2h-4h];ELEVEE;;
GRAND EST;BARBUL31ROMIL;LIAISON 63kV N0 1 BARBUISE-ROMILLY;7.0;ROMIL;-51.0;BARBU;18.0;N.SEI;17.0;Contrainte en journée;Très faible : jusqu'à 5 fois par an;]0h-2h];ELEVEE;;
HAUTS-DE-FRANCE;BXTO5;BEAUTOR (POSTE);34.0;TERGN;-41.0;MANO5;-39.0;HAYET;-39.0;;Faible : entre 5 et 25 fois par an;]2h-4h];ELEVEE;;
HAUTS-DE-FRANCE;GAVREL42MOFFL;LIAISON 90kV N0 2 GAVRELLE - MOFFLAINES;27.0;MOFFL;-59.0;ACHI5;-38.0;ACHIE;-38.0;;Faible : entre 5 et 25 fois par an;]0h-2h];ELEVEE;;
NOUVELLE-AQUITAINE;MTMORL41VALDI;LIAISON 90kV N0 1 MONTMORILLON-VALDIVIENNE;115.0;MTMOR;-64.0;JAUME;-63.0;FERRA;-39.0;Contrainte en journée;Forte : entre 75 et 150 fois par an;]4h-6h];MOYENNE;;
NOUVELLE-AQUITAINE;CISSAL61MQIS;LIAISON 225kV N0 1 CISSAC-MARQUIS (LE);92.0;CISSA;-89.0;MEDOC;-70.0;SSVIV;-67.0;Contrainte en journée;Moyenne : entre 25 et 75 fois par an;]2h-4h];ELEVEE;;
NOUVELLE-AQUITAINE;CSLJAL31ZGIRO;LIAISON 63kV N0 1 CASTELJALOUX-GUPIE-GIROUFLAT;26.0;CSLJA;-53.0;BETJA;-48.0;UNET;-24.0;Contrainte en journée;Moyenne : entre 25 et 75 fois par an;]4h-6h];ELEVEE;;
NOUVELLE-AQUITAINE;MAGN5L41SOUTE;LIAISON 90kV N0 1 MAGNAZEIX-SOUTERRAINE (LA);19.0;MAGN5;-100.0;;;;;Contrainte en journée;Très faible : jusqu'à 5 fois par an;]2h-4h];ELEVEE;;
NOUVELLE-AQUITAINE;LANGOL31REOLE;LIAISON 63kV N0 1 LANGON-REOLE (LA);16.0;LANGO;-23.0;REOLE;17.0;SSMAC;-16.0;Contrainte en journée;Faible : entre 5 et 25 fois par an;]2h-4h];ELEVEE;;
NOUVELLE-AQUITAINE;LESPAL32SANIL;LIAISON 63kV N0 2 LESPARAT-SANILHAC;11.0;LESPA;-48.0;MANO7;-47.0;EXCID;-29.0;Contrainte en journée;Faible : entre 5 et 25 fois par an;]2h-4h];MOYENNE;;
NOUVELLE-AQUITAINE;AIRVAL41BRESS;LIAISON 90kV N0 1 AIRVAULT-BRESSUIRE;6.0;BRESS;-62.0;SSPL5;-62.0;PARTH;-30.0;Contrainte en journée;Très faible : jusqu'à 5 fois par an;]2h-4h];ELEVEE;;
NOUVELLE-AQUITAINE;LOUBEL41ROCH7;LIAISON 90kV N0 1 LOUBERT-ROCHEFOUCAULD (LA);5.0;LOUBE;-45.0;CHABA;-35.0;ROCH7;30.0;;Faible : entre 5 et 25 fois par an;]0h-2h];MOYENNE;;
AUVERGNE-RHÔNE-ALPES;SSSAUL31ZSSRO;LIAISON 63kV N0 1 ENVAL-ST-PIERRE-ROCHE-ST-SAUVES;26.0;SSSAU;-51.0;VOING;-45.0;SSRO5;25.0;;Moyenne : entre 25 et 75 fois par an;]2h-4h];MOYENNE;;
AUVERGNE-RHÔNE-ALPES;PARISL31V.LAN;LIAISON 63kV N0 1 PARISET-VILLARD-DE-LANS;19.0;V.LAN;-70.0;BZNE;-62.0;BZNIL;-53.0;;Très faible : jusqu'à 5 fois par an;]2h-4h];ELEVEE;;
BOURGOGNE-FRANCHE-COMTÉ;MAMBEL61PUSY;LIAISON 225kV N0 1 MAMBELIN-PUSY;41.0;CONFL;-81.0;VESOU;-81.0;DANCE;-81.0;;Très faible : jusqu'à 5 fois par an;]2h-4h];ELEVEE;;
CENTRE-VAL DE LOIRE;BLEREL41ZBZPA;LIAISON 90kV N0 1 BLERE - VALENCAY - VARENNES (-SUR-FOUZON);32.0;BLERE;20.0;VARE5;-19.0;VALE9;-18.0;;Très faible : jusqu'à 5 fois par an;]2h-4h];ELEVEE;;
CENTRE-VAL DE LOIRE;VLEMEL41ZLACS;LIAISON 90kV N0 1 LANDE (LA) - MOUSSEAUX - VILLEMENT;26.0;LAND6;39.0;SSAOU;-27.0;VLEME;-27.0;Contrainte en journée;Très faible : jusqu'à 5 fois par an;]2h-4h];FAIBLE;;
GRAND EST;BAYARL31JOINV;LIAISON 63kV N0 1 BAYARD-JOINVILLE;41.0;BAYAR;-37.0;JOINV;32.0;BROUS;-30.0;;Moyenne : entre 25 et 75 fois par an;]2h-4h];ELEVEE;;
GRAND EST;L.BARL31ZT.BA;LIAISON 63kV N0 1 CHANCENAY - LIGNY-EN-BARROIS - RHOVYL;32.0;L.BAR;-48.0;RHOVY;40.0;;;;Forte : entre 75 et 150 fois par an;]2h-4h];ELEVEE;;
NOUVELLE-AQUITAINE;CHABAL41LOUBE;LIAISON 90kV N0 1 CHABANAIS-LOUBERT;98.0;LOUBE;-56.0;CHABA;34.0;ROCH7;-30.0;;Très forte : plus de 150 fois par an;]2h-4h];MOYENNE;;
NOUVELLE-AQUITAINE;CESTAL61PESSA;LIAISON 225kV N0 1 CESTAS - PESSAC;58.0;CESTA;-68.0;CONST;-68.0;VERD5;-62.0;Contrainte en journée;Faible : entre 5 et 25 fois par an;]2h-4h];MOYENNE;;
NOUVELLE-AQUITAINE;MELLEL41ZMAGD;LIAISON 90kV N0 1 LONGCHAMP (RUFFEC) - MAGDELEINE (LA) - MELLE;54.0;MELLE;-42.0;MAGDE;26.0;LONGC;13.0;;Faible : entre 5 et 25 fois par an;]2h-4h];MOYENNE;;
NOUVELLE-AQUITAINE;THOUAL41ZMERO;LIAISON 90kV N0 1 DISTRE-MERON-THOUARS;36.0;MERON;42.0;THOUA;-27.0;CHACE;22.0;;Faible : entre 5 et 25 fois par an;]2h-4h];MOYENNE;;
NOUVELLE-AQUITAINE;HOURTL31LACAN;LIAISON 63kV N0 1 HOURTIN-LACANAU;17.0;LACAN;68.0;LEGE;32.0;LANTO;21.0;Contrainte en journée;Moyenne : entre 25 et 75 fois par an;]2h-4h];ELEVEE;;
OCCITANIE;BERATL31ZSAB6;LIAISON 63kV N0 1 BERAT-CARBONNE-LONGAGES;18.0;CARBO;-34.0;SSJU5;-30.0;BERAT;28.0;Contrainte en journée;Très faible : jusqu'à 5 fois par an;]2h-4h];ELEVEE;;
OCCITANIE;ESPO5L31ZFAUG;LIAISON 63kV N0 1 BEDARIEUX - ESPONDEILHAN - FAUGERES;5.0;FAUGE;49.0;BEDAR;35.0;JONCE;35.0;;Très faible : jusqu'à 5 fois par an;]0h-2h];ELEVEE;;
OCCITANIE;FLEU5L31JALIS;LIAISON 63kV N0 1 FLEURANCE-JALIS;4.0;LECTO;-100.0;FLEU5;-100.0;;;Contrainte en journée;Très faible : jusqu'à 5 fois par an;]0h-2h];ELEVEE;;
PAYS DE LA LOIRE;P.MACL41SEGRE;LIAISON 90kV N0 1 PLESSIS-MACE-SEGRE;38.0;SEGRE;-54.0;FREIG;-51.0;P.MAC;20.0;;Faible : entre 5 et 25 fois par an;]4h-6h];MOYENNE;;
PAYS DE LA LOIRE;LOUISL41N.ERD;LIAISON 90kV N0 1 LOUISFERT-NORT-SUR-ERDRE;30.0;N.ERD;-50.0;RIAIL;-47.0;ISSE;-12.0;;Faible : entre 5 et 25 fois par an;]2h-4h];MOYENNE;;
PAYS DE LA LOIRE;CRAONL41ZASTI;LIAISON 90kV N0 1 ASTILLE-CRAON-LAVAL;24.0;CRAON;-60.0;POUAN;-33.0;ASTIL;20.0;;Faible : entre 5 et 25 fois par an;]4h-6h];MOYENNE;;
PAYS DE LA LOIRE;EVRO2L41V.JUH;LIAISON 90kV N0 1 EVRON 2-VILLAINES-LA-JUHEL;22.0;EVRO2;-33.0;V.JUH;31.0;EVRO1;-21.0;;Faible : entre 5 et 25 fois par an;]2h-4h];ELEVEE;;
AUVERGNE-RHÔNE-ALPES;LANGEL31PRATC;LIAISON 63kV N0 1 LANGEAC-PRATCLAUX;11.0;LANGE;-100.0;SALZU;-99.0;BRIOU;-99.0;Contrainte en journée;Très faible : jusqu'à 5 fois par an;]2h-4h];FAIBLE;;
GRAND EST;AILLEL31FRONC;LIAISON 63kV N0 1 AILLEVILLE-FRONCLES;2.0;AILLE;-53.0;V.BAR;-33.0;MORGE;-22.0;Contrainte en journée;Très faible : jusqu'à 5 fois par an;]0h-2h];MOYENNE;;
NOUVELLE-AQUITAINE;BRUGEL32CISSA;LIAISON 63kV N0 2 BRUGES-CISSAC;54.0;CISSA;-36.0;SSVIV;-11.0;PAUIL;-11.0;Contrainte en journée;Forte : entre 75 et 150 fois par an;]4h-6h];ELEVEE;;
BOURGOGNE-FRANCHE-COMTÉ;DARCEL31GISSE;LIAISON 63kV N0 1 DARCEY - GISSEY;16.0;GISSE;71.0;VERRE;39.0;DARCE;-14.0;;Très faible : jusqu'à 5 fois par an;]2h-4h];ELEVEE;;
BOURGOGNE-FRANCHE-COMTÉ;DARCEL31POISE;LIAISON 63kV N0 1 DARCEY - POISEUL;16.0;POISE;-100.0;VALDU;-100.0;;;;Faible : entre 5 et 25 fois par an;]2h-4h];ELEVEE;;
CENTRE-VAL DE LOIRE;CORM5L41ZGRAV;LIAISON 90kV N0 1 CORMELAI - EGUZON - RAVELLE (LA);135.0;CORM5;-69.0;ROUS6;-65.0;FERRA;-29.0;;Très forte : plus de 150 fois par an;]6h-10h];FAIBLE;;
CENTRE-VAL DE LOIRE;CXVIGL41ZFORG;LIAISON 90kV N0 1 CHAUVIGNY-FERRANDE (LA)-JAUMES(LES)-MONTMORILLON;46.0;CXVIG;35.0;ROSNA;-30.0;FERRA;-30.0;Contrainte en journée;Moyenne : entre 25 et 75 fois par an;]2h-4h];MOYENNE;;
GRAND EST;BOLO5L31CXMO5;LIAISON 63kV N0 1 BOLOGNE(FORGES)-CHAUMONT-FRONCLES;50.0;CXMO5;-52.0;BOLOG;32.0;BASS6;-30.0;;Faible : entre 5 et 25 fois par an;]2h-4h];ELEVEE;;
GRAND EST;BAZANL32RETHE;LIAISON 63kV N0 2 BAZANCOURT-RETHEL;14.0;RETHE;-26.0;NEPEL;-21.0;SEUIL;-16.0;;Faible : entre 5 et 25 fois par an;]2h-4h];ELEVEE;;
HAUTS-DE-FRANCE;MASTAL61PERIZ;LIAISON 225kV N0 1 MASTAING-PERIZET (LE);183.0;PERIZ;-59.0;BUSIG;-45.0;MTVAR;-39.0;;Faible : entre 5 et 25 fois par an;]2h-4h];ELEVEE;;
NOUVELLE-AQUITAINE;AIRVAL41THOUA;LIAISON 90kV N0 1 AIRVAULT-THOUARS;50.0;THOUA;27.0;MERON;15.0;F.ARG;-13.0;;Moyenne : entre 25 et 75 fois par an;]2h-4h];MOYENNE;;
NOUVELLE-AQUITAINE;CPNI5L41MTBRO;LIAISON 90kV N0 1 CHAMPNIERS-MONTBRON;9.0;MTBRO;-38.0;ROCH7;-32.0;LOUBE;-21.0;Contrainte en journée;Très faible : jusqu'à 5 fois par an;]0h-2h];MOYENNE;;
CENTRE-VAL DE LOIRE;AUNEAL41VOVES;LIAISON 90kV N0 1 AUNEAU-VOVES;9.0;VOVES;-46.0;B.PAI;-46.0;AUNEA;33.0;;Très faible : jusqu'à 5 fois par an;]2h-4h];ELEVEE;;
GRAND EST;PRAUTL31ROLAM;LIAISON 63kV N0 1 PRAUTHOY-ROLAMPONT;40.0;PRAUT;-100.0;;;;;;Moyenne : entre 25 et 75 fois par an;]0h-2h];ELEVEE;;
HAUTS-DE-FRANCE;COMPIL61MORU;LIAISON 225kV N0 1 COMPIEGNE-MORU;125.0;COMPI;-49.0;MORU;26.0;SENLI;10.0;;Faible : entre 5 et 25 fois par an;]2h-4h];ELEVEE;;
HAUTS-DE-FRANCE;CARRIL61ZB.FR;LIAISON 225kV N0 1  CARRIERES - PLESSIS-GASSOT - BELLOY-EN-FRANCE;55.0;BELLO;36.0;CARRI;-21.0;U.MON;-13.0;;Faible : entre 5 et 25 fois par an;]2h-4h];ELEVEE;;
HAUTS-DE-FRANCE;RANTIL31VALES;LIAISON 63kV N0 1 RANTIGNY - VALESCOURT;16.0;RANTI;38.0;GANNE;-20.0;VALES;-20.0;;Faible : entre 5 et 25 fois par an;]2h-4h];ELEVEE;;
NOUVELLE-AQUITAINE;AILLAL31BAZAS;LIAISON 63kV N0 1 AILLAS - BAZAS;6.0;BAZAS;-46.0;CAZAL;-44.0;LUXEY;-42.0;Contrainte en journée;Très faible : jusqu'à 5 fois par an;]2h-4h];ELEVEE;;
NOUVELLE-AQUITAINE;MANSLL41ZMANS;LIAISON 90kV N0 1 LUXE - MANSLE - NAUCLAIR;3.0;MANSL;-100.0;;;;;Contrainte en journée;Très faible : jusqu'à 5 fois par an;]2h-4h];ELEVEE;;
NOUVELLE-AQUITAINE;PREGUL42SAINT;LIAISON 90kV N0 2 PREGUILLAC-SAINTES;2.0;PREGU;-47.0;CHARB;-36.0;PONS;-36.0;Contrainte en journée;Très faible : jusqu'à 5 fois par an;]0h-2h];ELEVEE;;
AUVERGNE-RHÔNE-ALPES;RUMILL31SERRI;LIAISON 63kV N0 1 RUMILLY-SERRIERES;10.0;RUMIL;54.0;AUMON;49.0;SERRI;-18.0;Contrainte en journée;Très faible : jusqu'à 5 fois par an;]2h-4h];ELEVEE;;
CENTRE-VAL DE LOIRE;CXNAYL41MALAG;LIAISON 90kV N0 1 CHAUNAY-MALAGUAY;5.0;MALAG;-33.0;GELLA;-25.0;AUNEA;-23.0;;Très faible : jusqu'à 5 fois par an;]0h-2h];ELEVEE;;
CENTRE-VAL DE LOIRE;C.LO6L31SANCE;LIAISON 63kV N0 1 CHARITE-SUR-LOIRE (LA)-SANCERRE;3.0;C.LO6;35.0;SANCE;-26.0;COSNE;-16.0;;Très faible : jusqu'à 5 fois par an;]2h-4h];ELEVEE;;
GRAND EST;V.BARL31ZMORG;LIAISON 63kV N0 1 CRENEY-LA MORGE-VENDEUVRE-SUR-BARSE;26.0;V.BAR;-68.0;AILLE;-41.0;MORGE;21.0;Contrainte en journée;Moyenne : entre 25 et 75 fois par an;]2h-4h];MOYENNE;;
NOUVELLE-AQUITAINE;EXCIDL31LESPA;LIAISON 63kV N0 1 EXCIDEUIL-LESPARAT;38.0;EXCID;-63.0;THIVI;-47.0;NONTR;-23.0;Contrainte en journée;Moyenne : entre 25 et 75 fois par an;]4h-6h];MOYENNE;;
NOUVELLE-AQUITAINE;BRUCHL31P.AGE;LIAISON 63kV N0 1 BRUCH-PASSAGE-D AGEN;24.0;BRUCH;-38.0;AIGUI;-31.0;NERAC;-31.0;Contrainte en journée;Moyenne : entre 25 et 75 fois par an;]2h-4h];ELEVEE;;
NOUVELLE-AQUITAINE;GOUDOL41MOLE;LIAISON 90kV N0 1 GOUDOUNECHE-MOLE (LA);12.0;GOUDO;-100.0;;;;;Contrainte en journée;Faible : entre 5 et 25 fois par an;]2h-4h];ELEVEE;;
NOUVELLE-AQUITAINE;LUXEYL31ZCAZ5;LIAISON 63kV N0 1 BAZAS-LUXEY-CAZALIS;11.0;LUXEY;-100.0;;;;;Contrainte en journée;Moyenne : entre 25 et 75 fois par an;]2h-4h];ELEVEE;;
NOUVELLE-AQUITAINE;MTGUY;MONTGUYON;8.0;MTGUY;-33.0;BUSSA;-33.0;MTEND;-32.0;;Très faible : jusqu'à 5 fois par an;]0h-2h];ELEVEE;;
OCCITANIE;MOUILL31P.SIM;LIAISON 63kV N0 1 MOUILLONNE (LA)-PORTET-ST-SIMON;32.0;MOUIL;-65.0;CINTE;-53.0;BOULB;-48.0;Contrainte en journée;Forte : entre 75 et 150 fois par an;]4h-6h];FAIBLE;;
PROVENCE-ALPES-CÔTE D'AZUR;ORAISL61SISTE;LIAISON 225kV N0 1 ORAISON-SISTERON;93.0;SISTE;-32.0;BLAUX;-31.0;CURBA;-31.0;Contrainte en journée;Faible : entre 5 et 25 fois par an;]2h-4h];FAIBLE;;
BOURGOGNE-FRANCHE-COMTÉ;GUEUGL31ZB.LA;LIAISON 63kV N0 1 BOURBON-LANCY-GUEUGNON-SORNAT;18.0;GUEUG;-79.0;SORNA;-52.0;;;Contrainte en journée;Très faible : jusqu'à 5 fois par an;]2h-4h];ELEVEE;;
BOURGOGNE-FRANCHE-COMTÉ;SEIGNL32SSBAR;LIAISON 63kV N0 2 SEIGNY-STE-BARBE;13.0;SEIGN;39.0;SSBAR;-23.0;MTBAR;-20.0;;Faible : entre 5 et 25 fois par an;]2h-4h];ELEVEE;;
CENTRE-VAL DE LOIRE;DAMBRL41ZB.PR;LIAISON 90kV N0 1 DAMBRON - VOVES - BOIS PRINCE (LE);103.0;B.PRI;-68.0;VOVES;-53.0;B.PAI;-53.0;;Moyenne : entre 25 et 75 fois par an;]6h-10h];ELEVEE;;
CENTRE-VAL DE LOIRE;LEVROL41VARE5;LIAISON 90kV N0 1 LEVROUX-VARENNES (-SUR-FOUZON);8.0;LEVRO;-100.0;;;;;Contrainte en journée;Très faible : jusqu'à 5 fois par an;]2h-4h];ELEVEE;;
GRAND EST;DUGNYL31ZBXZE;LIAISON 63kV N0 1 BEAUZEE-DUGNY-REVIGNY;40.0;BXZEE;-41.0;DUGNY;27.0;VERDU;23.0;;Moyenne : entre 25 et 75 fois par an;]4h-6h];ELEVEE;;
HAUTS-DE-FRANCE;FAMARL31ZSOLE;LIAISON 63kV N0 1 FAMARS-PERIZET (LE)-SOLESMES;26.0;SOLES;-34.0;BRIAS;-32.0;CATEA;-24.0;;Faible : entre 5 et 25 fois par an;]2h-4h];ELEVEE;;
NOUVELLE-AQUITAINE;MANSAL41P.CHA;LIAISON 90kV N0 1 MANSAT-PEYRAT-LE-CHATEAU;18.0;MANSA;-60.0;LAVAU;-27.0;GUERE;-22.0;Contrainte en journée;Faible : entre 5 et 25 fois par an;]2h-4h];ELEVEE;;
NOUVELLE-AQUITAINE;NIORTL42SSFLO;LIAISON 90kV N0 2 NIORT-ST-FLORENT;1.0;NIORT;-31.0;C.DEN;-30.0;SSMAI;-21.0;Contrainte en journée;Très faible : jusqu'à 5 fois par an;]0h-2h];ELEVEE;;
CENTRE-VAL DE LOIRE;EGUZOL41ZGRAV;LIAISON 90kV N0 1 CORMELAI - EGUZON - RAVELLE (LA);135.0;RAVEL;-85.0;CORM5;-62.0;ROUS6;-58.0;;Très forte : plus de 150 fois par an;]6h-10h];FAIBLE;;
CENTRE-VAL DE LOIRE;COUE5L41V.BOU;LIAISON 90kV N0 1 COUESMES-VILLIERS-AU-BOUIN;39.0;COUE5;-51.0;V.BOU;42.0;SEMBL;-22.0;Contrainte en journée;Moyenne : entre 25 et 75 fois par an;]2h-4h];ELEVEE;;
GRAND EST;CXSSEL61RECY;LIAISON 225kV N0 1 CHAUSSEE (LA)-RECY;155.0;CXSSE;-43.0;RECY;36.0;COMPE;-24.0;;Très faible : jusqu'à 5 fois par an;]2h-4h];MOYENNE;;
GRAND EST;CRENEL31ZMORG;LIAISON 63kV N0 1 CRENEY-LA MORGE-VENDEUVRE-SUR-BARSE;27.0;MORGE;-81.0;V.BAR;-63.0;AILLE;-38.0;Contrainte en journée;Moyenne : entre 25 et 75 fois par an;]2h-4h];MOYENNE;;
HAUTS-DE-FRANCE;BXTO5L61SETIE;LIAISON 225kV N0 1 BEAUTOR(POSTE)-SETIER;101.0;SETIE;61.0;MTVAR;53.0;RIBEM;-50.0;;Faible : entre 5 et 25 fois par an;]2h-4h];ELEVEE;;
HAUTS-DE-FRANCE;RIBECL31ZCNR6;LIAISON 63kV N0 1 CHANTEREINE - COMPIEGNE - RIBECHIM;13.0;RIBEC;-61.0;NOYON;-49.0;CNREI;33.0;;Faible : entre 5 et 25 fois par an;]2h-4h];ELEVEE;;
NOUVELLE-AQUITAINE;BODUTL41CIVRA;LIAISON 90kV N0 1 BODUT-CIVRAY;74.0;BODUT;49.0;CIVRA;-46.0;SSSAV;-46.0;;Moyenne : entre 25 et 75 fois par an;]2h-4h];FAIBLE;;
NOUVELLE-AQUITAINE;LUSIGL41MINIE;LIAISON 90kV N0 1 LUSIGNAN-MINIERES (LES);53.0;MINIE;-44.0;LUSIG;17.0;JAZEN;15.0;;Très faible : jusqu'à 5 fois par an;]2h-4h];ELEVEE;;
NOUVELLE-AQUITAINE;MEZINL31NERAC;LIAISON 63kV N0 1 MEZIN-NERAC;25.0;MEZIN;-60.0;MTREA;-46.0;BRETA;-46.0;Contrainte en journée;Moyenne : entre 25 et 75 fois par an;]4h-6h];MOYENNE;;
PAYS DE LA LOIRE;DERVAL41LOUIS;LIAISON 90kV N0 1 DERVAL-LOUISFERT;11.0;DERVA;-100.0;;;;;;Très faible : jusqu'à 5 fois par an;]2h-4h];MOYENNE;;
AUVERGNE-RHÔNE-ALPES;BZNE L31V.LAN;LIAISON 63kV N0 1 BOURNE (LA)-VILLARD-DE-LANS;26.0;BZNE;-62.0;BZNIL;-53.0;P.ROY;-43.0;;Faible : entre 5 et 25 fois par an;]2h-4h];ELEVEE;;
GRAND EST;AMELEL31DIEUZ;LIAISON 63kV N0 1 AMELECOURT - DIEUZE;27.0;DIEUZ;45.0;AMELE;-26.0;SAUL5;-23.0;;Moyenne : entre 25 et 75 fois par an;]2h-4h];ELEVEE;;
NOUVELLE-AQUITAINE;BOIS5L41SSANG;LIAISON 90kV N0 1 BOISSEUIL-ST-JEAN-D ANGELY;59.0;BOIS5;-42.0;AULN5;-40.0;SSANG;32.0;;Moyenne : entre 25 et 75 fois par an;]4h-6h];ELEVEE;;
NOUVELLE-AQUITAINE;FLEAC;FLEAC;33.0;FLEAC;-49.0;ROUI5;-49.0;PALAN;-34.0;Contrainte en journée;Très faible : jusqu'à 5 fois par an;]2h-4h];ELEVEE;;
NOUVELLE-AQUITAINE;DANTOL31SSLIV;LIAISON 63kV N0 1 DANTOU-STE-LIVRADE;23.0;SSLIV;-24.0;TEMPL;-18.0;UNET;-11.0;Contrainte en journée;Faible : entre 5 et 25 fois par an;]2h-4h];MOYENNE;;
NOUVELLE-AQUITAINE;LUSIGL41ROM;LIAISON 90kV N0 1 LUSIGNAN - ROM;9.0;LUSIG;-70.0;JAZEN;-64.0;SSMAI;-33.0;Contrainte en journée;Très faible : jusqu'à 5 fois par an;]2h-4h];ELEVEE;;
OCCITANIE;CESSEL31LIVIE;LIAISON 63kV N0 1 CESSE-LIVIERE;13.0;CESSE;-100.0;;;;;Contrainte en journée;Très faible : jusqu'à 5 fois par an;]2h-4h];ELEVEE;;
AUVERGNE-RHÔNE-ALPES;VINAYL31ZSSSA;LIAISON 63kV N0 1 BEAUVOIR (CHATTE) - ST-MARCELLIN - VINAY;23.0;BXVOI;-74.0;SSMC5;-70.0;P.ROY;-56.0;;Faible : entre 5 et 25 fois par an;]2h-4h];ELEVEE;;
BOURGOGNE-FRANCHE-COMTÉ;GRAY L31GY;LIAISON 63kV N0 1 GRAY-GY;33.0;GY;63.0;GRAY;-31.0;JALAN;-19.0;;Forte : entre 75 et 150 fois par an;]2h-4h];MOYENNE;;
BOURGOGNE-FRANCHE-COMTÉ;MARC6L31ZFONT;LIAISON 63kV N0 1 GRAY - MARCILLY - VINGEANNE;18.0;VINGE;-58.0;JALAN;-58.0;GRAY;-29.0;;Faible : entre 5 et 25 fois par an;]0h-2h];MOYENNE;;
CENTRE-VAL DE LOIRE;BONN7L41CXNAY;LIAISON 90kV N0 1 BONNEVAL-CHAUNAY;92.0;BONN7;-52.0;CTAUD;-42.0;BROU5;-31.0;Contrainte en journée;Moyenne : entre 25 et 75 fois par an;]2h-4h];MOYENNE;;
CENTRE-VAL DE LOIRE;BOURGL41VIERZ;LIAISON 90kV N0 1 BOURG (LE)-VIERZON;29.0;VIERZ;36.0;CHAG5;35.0;BOURG;-32.0;Contrainte en journée;Très faible : jusqu'à 5 fois par an;]2h-4h];ELEVEE;;
GRAND EST;DALSTL31SSHUB;LIAISON 63kV N0 1 DALSTEIN-ST-HUBERT;25.0;DALST;-68.0;BOUZO;-51.0;BOULA;-34.0;;Faible : entre 5 et 25 fois par an;]2h-4h];ELEVEE;;
GRAND EST;C.SEIL31POLIS;LIAISON 63kV N0 1 CHATILLON-SUR-SEINE-POLISOT;15.0;POLIS;-47.0;SSVAU;-28.0;C.SEI;19.0;Contrainte en journée;Très faible : jusqu'à 5 fois par an;]2h-4h];ELEVEE;;
HAUTS-DE-FRANCE;A.COML61MTCRO;LIAISON 225kV N0 1 AVESNES-LE-COMTE - MONTCROISETTE;137.0;A.COM;-58.0;VICOG;-34.0;AMIEN;-15.0;;Faible : entre 5 et 25 fois par an;]2h-4h];ELEVEE;;
NOUVELLE-AQUITAINE;VALDI;VALDIVIENNE;126.0;VALDI;-32.0;SSJOU;-31.0;MTMOR;-24.0;;Forte : entre 75 et 150 fois par an;]4h-6h];MOYENNE;;
NOUVELLE-AQUITAINE;LACANL31LEGE;LIAISON 63kV N0 1 LACANAU-LEGE;22.0;LACAN;-32.0;LEGE;32.0;LANTO;21.0;Contrainte en journée;Moyenne : entre 25 et 75 fois par an;]2h-4h];ELEVEE;;
NOUVELLE-AQUITAINE;AUBUSL31AUZAN;LIAISON 63kV N0 1 AUBUSSON-AUZANCES;18.0;AUZAN;-100.0;E.BAI;-95.0;;;Contrainte en journée;Faible : entre 5 et 25 fois par an;]2h-4h];ELEVEE;;
NOUVELLE-AQUITAINE;AIRVAL41PARTH;LIAISON 90kV N0 1 AIRVAULT-PARTHENAY;9.0;PARTH;-69.0;BRESS;-34.0;SSPL5;-34.0;Contrainte en journée;Très faible : jusqu'à 5 fois par an;]2h-4h];ELEVEE;;
NOUVELLE-AQUITAINE;LESPA;LESPARAT;1.0;LESPA;-50.0;MANO7;-49.0;;;Contrainte en journée;Moyenne : entre 25 et 75 fois par an;]0h-2h];ELEVEE;;
OCCITANIE;LAURAL31SSVIC;LIAISON 63kV N0 1 LAURAS-ST-VICTOR;54.0;LAURA;-80.0;TOUR7;-80.0;FONDA;-80.0;Contrainte en journée;Moyenne : entre 25 et 75 fois par an;]2h-4h];FAIBLE;;
AUVERGNE-RHÔNE-ALPES;DOMPIL31V.ALL;LIAISON 63kV N0 1 DOMPIERRE-VARENNES-SUR-ALLIER;4.0;DOMPI;-28.0;FTAI9;-28.0;DONJO;-26.0;Contrainte en journée;Très faible : jusqu'à 5 fois par an;]0h-2h];MOYENNE;;
BOURGOGNE-FRANCHE-COMTÉ;ANNAYL31PRELE;LIAISON 63kV N0 1 ANNAY-PRELES (LES);15.0;ANNAY;-36.0;CRAIE;-35.0;GERMI;9.0;;Faible : entre 5 et 25 fois par an;]0h-2h];ELEVEE;;
BOURGOGNE-FRANCHE-COMTÉ;ANNAYL31TONNE;LIAISON 63kV N0 1 ANNAY-TONNERRE;4.0;ANNAY;-64.0;CRAIE;-63.0;GERMI;-9.0;;Très faible : jusqu'à 5 fois par an;]0h-2h];ELEVEE;;
BOURGOGNE-FRANCHE-COMTÉ;SSELOL31ZPARI;LIAISON 63kV N0 1 PARIZE-ST-ELOI-ST-PIERRE-LE-MOUTIER;3.0;PARIZ;-99.0;SSMO6;-97.0;;;Contrainte en journée;Très faible : jusqu'à 5 fois par an;]0h-2h];ELEVEE;;
BRETAGNE;BEZONL32JOSSE;LIAISON 63kV N0 2 BEZON-JOSSELIN;9.0;JOSSE;-35.0;LOHAN;-35.0;MERDR;-32.0;;Très faible : jusqu'à 5 fois par an;]2h-4h];ELEVEE;;
CENTRE-VAL DE LOIRE;FERRAL41ZFORG;LIAISON 90kV N0 1 CHAUVIGNY-FERRANDE (LA)-JAUMES(LES)-MONTMORILLON;137.0;FERRA;-68.0;ROSNA;-68.0;ROUS6;-51.0;;Très forte : plus de 150 fois par an;]4h-6h];MOYENNE;;
CENTRE-VAL DE LOIRE;BONN7L41CTAUD;LIAISON 90kV N0 1 BONNEVAL-CHATEAUDUN;62.0;CTAUD;-63.0;MOISY;-39.0;BONN7;22.0;Contrainte en journée;Forte : entre 75 et 150 fois par an;]4h-6h];ELEVEE;;
CENTRE-VAL DE LOIRE;LARCAL41LOCHE;LIAISON 90kV N0 1 LARCAY-LOCHES;31.0;LOCHE;41.0;CHAT7;29.0;BUZAN;18.0;;Faible : entre 5 et 25 fois par an;]2h-4h];ELEVEE;;
CENTRE-VAL DE LOIRE;AUVILL41SARAN;LIAISON 90kV N0 1 AUVILLIERS-SARAN;28.0;AUVIL;-36.0;ARTEN;-19.0;SARAN;17.0;;Moyenne : entre 25 et 75 fois par an;]2h-4h];ELEVEE;;
GRAND EST;BOULAL31SSAVO;LIAISON 63kV N0 1 BOULAY-ST-AVOLD;31.0;BOULA;-64.0;BOUZO;-47.0;DALST;-34.0;;Moyenne : entre 25 et 75 fois par an;]2h-4h];ELEVEE;;
GRAND EST;REVIGL31ZMAUP;LIAISON 63kV N0 1 MAUPAS (A CONTEAULT)-REVIGNY-SUIPPES;31.0;MAUPA;-70.0;SUIPP;-19.0;VOUZI;-9.0;;Forte : entre 75 et 150 fois par an;]2h-4h];FAIBLE;;
GRAND EST;AILLEL31V.BAR;LIAISON 63kV N0 1 AILLEVILLE-VENDEUVRE-SUR-BARSE;21.0;AILLE;-44.0;V.BAR;34.0;MORGE;23.0;Contrainte en journée;Faible : entre 5 et 25 fois par an;]2h-4h];MOYENNE;;
GRAND EST;M.SEIL41SEZAN;LIAISON 90kV N0 1 MERY-SUR-SEINE-SEZANNE;19.0;SEZAN;-64.0;F.CHA;-40.0;AULNA;-35.0;;Très faible : jusqu'à 5 fois par an;]2h-4h];ELEVEE;;
GRAND EST;AMELEL31SAUL5;LIAISON 63kV N0 1 AMELECOURT - SAULNOIS;11.0;AMELE;-74.0;DIEUZ;-45.0;SAUL5;23.0;;Très faible : jusqu'à 5 fois par an;]0h-2h];ELEVEE;;
GRAND EST;BRIENL31SSDIZ;LIAISON 63kV N0 1 BRIENNE-ST-DIZIER;8.0;BRIEN;41.0;SSDIZ;-9.0;CHAN6;-7.0;Contrainte en journée;Très faible : jusqu'à 5 fois par an;]0h-2h];ELEVEE;;
HAUTS-DE-FRANCE;RUSSYL31V.COT;LIAISON 63kV N0 1 RUSSY - VILLERS-COTTERET;21.0;V.COT;-55.0;CHOUY;-36.0;RUSSY;19.0;;Faible : entre 5 et 25 fois par an;]2h-4h];MOYENNE;;
NOUVELLE-AQUITAINE;COUR L41ZDALI;LIAISON 90kV N0 1 CIVRAY-COUR (LA)-ST-SAVIOL;92.0;SSSAV;-54.0;CIVRA;-54.0;BODUT;-42.0;;Moyenne : entre 25 et 75 fois par an;]2h-4h];FAIBLE;;
NOUVELLE-AQUITAINE;BRUGEL61ZPARR;LIAISON 225kV N0 1 BRUGES - GARIES - PESSAC;92.0;GARIE;-31.0;PESSA;-30.0;CESTA;-29.0;Contrainte en journée;Moyenne : entre 25 et 75 fois par an;]2h-4h];MOYENNE;;
NOUVELLE-AQUITAINE;LONGCL41ZMAGD;LIAISON 90kV N0 1 LONGCHAMP (RUFFEC) - MAGDELEINE (LA) - MELLE;74.0;MAGDE;-74.0;MELLE;-42.0;LONGC;13.0;;Moyenne : entre 25 et 75 fois par an;]2h-4h];MOYENNE;;
NOUVELLE-AQUITAINE;BOIS5L41SSFLO;LIAISON 90kV N0 1 BOISSEUIL-ST-FLORENT;30.0;BOIS5;-58.0;AULN5;-56.0;SSANG;-32.0;Contrainte en journée;Très faible : jusqu'à 5 fois par an;]2h-4h];ELEVEE;;
NOUVELLE-AQUITAINE;NAUCLL41ZMANS;LIAISON 90kV N0 1 LUXE - MANSLE - NAUCLAIR;29.0;MANSL;-61.0;LUXE;-59.0;AIGRE;-46.0;Contrainte en journée;Très faible : jusqu'à 5 fois par an;]4h-6h];ELEVEE;;
NOUVELLE-AQUITAINE;AURIAL31PAU.N;LIAISON 63kV N0 1 AURIAC-PAU-NORD;12.0;AURIA;-82.0;M.SEN;-68.0;A.ADO;-31.0;Contrainte en journée;Faible : entre 5 et 25 fois par an;]2h-4h];ELEVEE;;
OCCITANIE;JALISL31MIRAN;LIAISON 63kV N0 1 JALIS-MIRANDE;4.0;MIRAN;-100.0;;;;;Contrainte en journée;Faible : entre 5 et 25 fois par an;]0h-2h];MOYENNE;;
AUVERGNE-RHÔNE-ALPES;ARLY;ARLY;24.0;ARLY;-48.0;SAISI;-42.0;BVIL6;-35.0;;Moyenne : entre 25 et 75 fois par an;]4h-6h];ELEVEE;;
BOURGOGNE-FRANCHE-COMTÉ;COSNEL31ZNEUV;LIAISON 63kV N0 1 COSNE-FORTAIE (LA)-NEUVY;16.0;COSNE;-35.0;PERR7;-25.0;SANCE;-15.0;Contrainte en journée;Très faible : jusqu'à 5 fois par an;]2h-4h];ELEVEE;;
CENTRE-VAL DE LOIRE;ZFORGL41ZJAUM;LIAISON 90kV N0 1 CHAUVIGNY-FERRANDE (LA)-JAUMES(LES)-MONTMORILLON;9.0;MTMOR;39.0;JAUME;39.0;FERRA;-36.0;;Très faible : jusqu'à 5 fois par an;]2h-4h];MOYENNE;;
GRAND EST;CRENEL61ROSIE;LIAISON 225kV N0 1 CRENEY - ROSIERES;50.0;ROSIE;63.0;LARRE;42.0;C.SEI;42.0;;Très faible : jusqu'à 5 fois par an;]2h-4h];ELEVEE;;
GRAND EST;BOLO5L31FRONC;LIAISON 63kV N0 1 BOLOGNE(FORGES)-CHAUMONT-FRONCLES;37.0;BOLOG;-69.0;CXMO5;-50.0;BASS6;-29.0;;Très faible : jusqu'à 5 fois par an;]2h-4h];ELEVEE;;
GRAND EST;R.CH5L31ZHEMI;LIAISON 63kV N0 1 HEMING-RECHICOURT-LE-CHATEAU-SARREBOURG;23.0;R.CH5;-62.0;CIREY;-32.0;BIBER;-16.0;Contrainte en journée;Très faible : jusqu'à 5 fois par an;]2h-4h];ELEVEE;;
GRAND EST;B.DUCL31REVIG;LIAISON 63kV N0 1 BAR-LE-DUC-REVIGNY;18.0;B.DUC;-61.0;SAUDR;-29.0;CHAN6;-12.0;;Faible : entre 5 et 25 fois par an;]2h-4h];ELEVEE;;
GRAND EST;LIARTL31ZV.SE;LIAISON 63kV N0 1 LIART - MOHON - POIX-TERRON;16.0;LIART;-37.0;P.TER;20.0;BUIRE;-11.0;;Faible : entre 5 et 25 fois par an;]0h-2h];MOYENNE;;
NOUVELLE-AQUITAINE;CANTEL31GAREI;LIAISON 63kV N0 1 CANTEGRIT-GAREIN;30.0;GAREI;-81.0;IRANG;-31.0;RQFOR;-28.0;Contrainte en journée;Moyenne : entre 25 et 75 fois par an;]2h-4h];ELEVEE;;
NOUVELLE-AQUITAINE;PALANL41ZVERV;LIAISON 90kV N0 1 AIGRE-LUXE-PALANT (LE);6.0;PALAN;-54.0;AIGRE;-52.0;MANSL;-37.0;Contrainte en journée;Très faible : jusqu'à 5 fois par an;]0h-2h];ELEVEE;;
OCCITANIE;FONCLL31LACAB;LIAISON 63kV N0 1 FONCLARE-LACABAREDE;15.0;S.VES;40.0;FONCL;40.0;LACAB;-39.0;;Très faible : jusqu'à 5 fois par an;]2h-4h];ELEVEE;;
OCCITANIE;GODINL31ZCAMB;LIAISON 63kV N0 1 GODIN - LARDIT - CAMBEYRAC;5.0;CAMBE;-100.0;LARDI;-100.0;TOULU;-100.0;Contrainte en journée;Très faible : jusqu'à 5 fois par an;]4h-6h];ELEVEE;;
BOURGOGNE-FRANCHE-COMTÉ;DARCEL61ZC.SE;LIAISON 225kV N0 1 CHATILLON-SUR-SEINE - DARCEY - ROSIERES;273.0;LARRE;-52.0;DARCE;-52.0;C.SEI;-52.0;;Forte : entre 75 et 150 fois par an;]4h-6h];MOYENNE;;
CENTRE-VAL DE LOIRE;BONN7L41BROU5;LIAISON 90kV N0 1 BONNEVAL-BROU;15.0;BROU5;49.0;BONN7;-25.0;CTAUD;-20.0;Contrainte en journée;Très faible : jusqu'à 5 fois par an;]2h-4h];MOYENNE;;
CENTRE-VAL DE LOIRE;POL45L41SARAN;LIAISON 90kV N0 1 POLE 45-SARAN;14.0;POL45;46.0;AYDES;37.0;SARAN;-29.0;;Très faible : jusqu'à 5 fois par an;]2h-4h];ELEVEE;;
CENTRE-VAL DE LOIRE;EGUZOL41ZVNES;LIAISON 90kV N0 1 EGUZON - SOUTERRAINE (LA) - VIGNES (LES);7.0;SOUTE;-30.0;MAGN5;-27.0;V.GRA;-16.0;;Très faible : jusqu'à 5 fois par an;]2h-4h];ELEVEE;;
HAUTS-DE-FRANCE;HAM  L31ROISE;LIAISON 63kV N0 1 HAM-ROISEL;24.0;ROISE;-41.0;HAM;21.0;GAUC5;-11.0;Contrainte en journée;Faible : entre 5 et 25 fois par an;]0h-2h];ELEVEE;;
NOUVELLE-AQUITAINE;SSFLOL41ZGOIS;LIAISON 90kV N0 1 GOISE-MELLE-ST-FLORENT;39.0;MELLE;-52.0;MAGDE;-23.0;LONGC;-12.0;;Faible : entre 5 et 25 fois par an;]2h-4h];MOYENNE;;
NOUVELLE-AQUITAINE;M.MARL31RQFOR;LIAISON 63kV N0 1 MONT-DE-MARSAN-ROQUEFORT;26.0;RQFOR;-71.0;IRANG;-67.0;GAREI;-20.0;Contrainte en journée;Moyenne : entre 25 et 75 fois par an;]4h-6h];ELEVEE;;
NOUVELLE-AQUITAINE;AYTREL41THOU;LIAISON 90kV N0 1 AYTRE-THOU (LE);15.0;THOU;-47.0;AYTRE;27.0;JARNE;27.0;Contrainte en journée;Très faible : jusqu'à 5 fois par an;]2h-4h];ELEVEE;;
OCCITANIE;P.GRAL32PELIS;LIAISON 63kV N0 2 PELISSIER - PRE-GRAND;19.0;P.GRA;-42.0;THURI;-34.0;BARAQ;-20.0;Contrainte en journée;Moyenne : entre 25 et 75 fois par an;]2h-4h];ELEVEE;;
OCCITANIE;CARBOL31ZSAB6;LIAISON 63kV N0 1 BERAT-CARBONNE-LONGAGES;18.0;CARBO;-34.0;SSJU5;-30.0;BERAT;28.0;Contrainte en journée;Faible : entre 5 et 25 fois par an;]2h-4h];ELEVEE;;
OCCITANIE;P.SIML31SEYS5;LIAISON 63kV N0 1 PORTET-ST-SIMON-SEYSSES;15.0;SEYS5;-78.0;BERAT;-30.0;CARBO;-14.0;Contrainte en journée;Faible : entre 5 et 25 fois par an;]2h-4h];ELEVEE;;
PROVENCE-ALPES-CÔTE D'AZUR;ORAISL61ZMEES;LIAISON 225kV N0 1 MEES (LES) - ORAISON - ST-AUBAN;170.0;MEES;-64.0;SSAUB;-43.0;DIGNE;-37.0;Contrainte en journée;Moyenne : entre 25 et 75 fois par an;]4h-6h];FAIBLE;;
PROVENCE-ALPES-CÔTE D'AZUR;SSAUB;ST-AUBAN;23.0;SSAUB;-44.0;DIGNE;-44.0;LIMAN;-24.0;Contrainte en journée;Faible : entre 5 et 25 fois par an;]2h-4h];FAIBLE;;
HAUTS-DE-FRANCE;NOYONL31RIBEC;LIAISON 63kV N0 1 NOYON - RIBECHIM;28.0;NOYON;-49.0;RIBEC;40.0;CNREI;33.0;;Moyenne : entre 25 et 75 fois par an;]2h-4h];ELEVEE;;
NOUVELLE-AQUITAINE;SAINTL41SSANG;LIAISON 90kV N0 1 SAINTES-ST-JEAN-D ANGELY;46.0;SSANG;-70.0;BOIS5;-40.0;AULN5;-38.0;;Moyenne : entre 25 et 75 fois par an;]2h-4h];ELEVEE;;
NOUVELLE-AQUITAINE;CISSA;CISSAC;14.0;CISSA;-36.0;PAUIL;-36.0;MEDOC;-35.0;Contrainte en journée;Faible : entre 5 et 25 fois par an;]2h-4h];ELEVEE;;
BOURGOGNE-FRANCHE-COMTÉ;C.REGL32MARC6;LIAISON 63kV N0 2 CHAMPS-REGNAUD-MARCILLY;33.0;MARC6;-40.0;VINGE;-25.0;JALAN;-25.0;;Faible : entre 5 et 25 fois par an;]2h-4h];MOYENNE;;
BRETAGNE;CREDIL31ZRUNI;LIAISON 63kV N0 1 CREDIN - KERBOQUET - RABINE (LA);23.0;CREDI;-71.0;JOSSE;-28.0;LOHAN;-28.0;Contrainte en journée;Faible : entre 5 et 25 fois par an;]2h-4h];ELEVEE;;
CENTRE-VAL DE LOIRE;EGUZO;EGUZON;89.0;EGUZO;63.0;AIGUR;62.0;CXME;61.0;Contrainte en journée;Moyenne : entre 25 et 75 fois par an;]2h-4h];MOYENNE;;
CENTRE-VAL DE LOIRE;MOISYL41VENDO;LIAISON 90kV N0 1 MOISY-VENDOME;57.0;MOISY;-59.0;CTAUD;-38.0;BONN7;-23.0;Contrainte en journée;Moyenne : entre 25 et 75 fois par an;]2h-4h];FAIBLE;;
CENTRE-VAL DE LOIRE;SARANL42ZCHIC;LIAISON 90kV N0 2 DAMBRON - SARAN - TOURNOISIS;27.0;SARAN;20.0;F.AUB;19.0;BELNE;18.0;;Faible : entre 5 et 25 fois par an;]4h-6h];ELEVEE;;
CENTRE-VAL DE LOIRE;BLEREL41LARCA;LIAISON 90kV N0 1 BLERE-LARCAY;26.0;BLERE;55.0;LOCHE;30.0;CHAT7;21.0;;Faible : entre 5 et 25 fois par an;]2h-4h];ELEVEE;;
GRAND EST;DIEUZL31LAND5;LIAISON 63kV N0 1 DIEUZE-LANDROFF;36.0;DIEUZ;-55.0;AMELE;-26.0;SAUL5;-22.0;;Moyenne : entre 25 et 75 fois par an;]2h-4h];ELEVEE;;
GRAND EST;LANDRL31VERDU;LIAISON 63kV N0 1 LANDRES-VERDUN;17.0;VERDU;-34.0;DUGNY;-28.0;SSMIH;-15.0;;Faible : entre 5 et 25 fois par an;]2h-4h];ELEVEE;;
HAUTS-DE-FRANCE;SOLESL31ZSOLE;LIAISON 63kV N0 1 FAMARS-PERIZET (LE)-SOLESMES;26.0;SOLES;-34.0;BRIAS;-32.0;CATEA;-24.0;;Très faible : jusqu'à 5 fois par an;]0h-2h];ELEVEE;;
NOUVELLE-AQUITAINE;CIVRAL41ZDALI;LIAISON 90kV N0 1 CIVRAY-COUR (LA)-ST-SAVIOL;73.0;CIVRA;-54.0;SSSAV;-54.0;BODUT;-39.0;;Moyenne : entre 25 et 75 fois par an;]2h-4h];FAIBLE;;
NOUVELLE-AQUITAINE;R.LANL31ZCOUG;LIAISON 63kV N0 1 COUGNALA - DAX - RION-DES-LANDES;28.0;R.LAN;-30.0;COUGN;-30.0;DAX;17.0;Contrainte en journée;Moyenne : entre 25 et 75 fois par an;]2h-4h];ELEVEE;;
NOUVELLE-AQUITAINE;BELLAL41I.JOU;LIAISON 90kV N0 1 BELLAC-ISLE-JOURDAIN;22.0;BELLA;38.0;I.JOU;-35.0;CHARD;-35.0;;Faible : entre 5 et 25 fois par an;]2h-4h];ELEVEE;;
NOUVELLE-AQUITAINE;AIRVAL41LOUDU;LIAISON 90kV N0 1 AIRVAULT-LOUDUN;14.0;LOUDU;19.0;SAUMU;19.0;DISTR;19.0;Contrainte en journée;Très faible : jusqu'à 5 fois par an;]2h-4h];MOYENNE;;
NOUVELLE-AQUITAINE;GAREIL31ZIRAN;LIAISON 63kV N0 1 GAREIN - IRANGER (L) - ROQUEFORT;12.0;IRANG;-32.0;RQFOR;-29.0;GAREI;20.0;Contrainte en journée;Moyenne : entre 25 et 75 fois par an;]2h-4h];ELEVEE;;
OCCITANIE;LACAUL31LUZI1;LIAISON 63kV N0 1 LACAUNE-LUZIERES I;17.0;LACAU;-100.0;;;;;;Moyenne : entre 25 et 75 fois par an;]4h-6h];ELEVEE;;
OCCITANIE;V.FEZL31ZCOND;LIAISON 63kV N0 1 CONDOM-MONTREAL-VIC-FEZENSAC;6.0;BRETA;-100.0;MTREA;-100.0;CONDO;-100.0;Contrainte en journée;Faible : entre 5 et 25 fois par an;]2h-4h];ELEVEE;;
PAYS DE LA LOIRE;DISTRL41ZMERO;LIAISON 90kV N0 1 DISTRE-MERON-THOUARS;20.0;MERON;-60.0;THOUA;-26.0;DISTR;22.0;Contrainte en journée;Faible : entre 5 et 25 fois par an;]2h-4h];ELEVEE;;
